0 64 0.097 0.097 0 83
0 3 0.069 0.069 0 83
64 2 0.057 0.057 0 83
3 2 0.074 0.074 0 83
2 66 0.079 0.079 0 83
3 1 0.069 0.069 0 83
66 1 0.071 0.071 0 83
64 1 0.063 0.063 0 83
66 67 0.065 0.065 0 83
1 67 0.091 0.091 0 83
1 65 0.094 0.094 0 83
67 65 0.065 0.065 0 83
2 65 0.064 0.064 0 83
13 4 0.065 0.065 0 83
6 0 0.065 0.065 83 135
13 6 0.051 0.051 0 83
6 2 0.051 0.051 83 135
4 77 0.091 0.091 0 83
0 70 0.091 0.091 83 135
6 7 0.086 0.086 0 83
2 3 0.086 0.086 83 135
6 70 0.091 0.091 0 83
2 66 0.091 0.091 83 135
70 68 0.057 0.057 0 83
66 64 0.057 0.057 83 135
4 68 0.098 0.098 0 83
0 64 0.098 0.098 83 135
77 68 0.081 0.081 0 83
70 64 0.081 0.081 83 135
68 71 0.054 0.054 0 83
64 67 0.054 0.054 83 135
7 71 0.082 0.082 0 83
3 67 0.082 0.082 83 135
70 71 0.061 0.061 0 83
66 67 0.061 0.061 83 135
77 15 0.05 0.05 0 83
70 4 0.05 0.05 83 135
68 15 0.068 0.068 0 83
64 4 0.068 0.068 83 135
7 15 0.051 0.051 0 83
3 4 0.051 0.051 83 135
15 79 0.073 0.073 0 83
4 68 0.073 0.073 83 135
71 5 0.063 0.063 0 83
67 1 0.063 0.063 83 135
15 5 0.085 0.085 0 83
4 1 0.085 0.085 83 135
79 5 0.095 0.095 0 83
68 1 0.095 0.095 83 135
5 69 0.095 0.095 0 83
1 65 0.095 0.095 83 135
79 69 0.053 0.053 0 83
68 65 0.053 0.053 83 135
69 14 0.066 0.066 0 83
65 5 0.066 0.066 83 135
71 12 0.074 0.074 0 83
67 7 0.074 0.074 83 135
14 78 0.06 0.06 0 83
5 69 0.06 0.06 83 135
5 78 0.074 0.074 0 83
1 69 0.074 0.074 83 135
40 104 0.097 0.097 0 40
17 81 0.097 0.097 40 83
10 74 0.097 0.097 83 100
14 78 0.097 0.097 100 135
1 65 0.097 0.097 135 186
104 49 0.055 0.055 0 40
81 23 0.055 0.055 40 83
74 8 0.055 0.055 83 100
78 12 0.055 0.055 100 135
65 3 0.055 0.055 135 186
49 50 0.076 0.076 0 40
23 31 0.076 0.076 40 83
8 16 0.076 0.076 83 100
12 11 0.076 0.076 100 135
3 4 0.076 0.076 135 186
49 113 0.082 0.082 0 40
23 87 0.082 0.082 40 83
8 72 0.082 0.082 83 100
12 76 0.082 0.082 100 135
3 67 0.082 0.082 135 186
113 48 0.069 0.069 0 40
87 22 0.069 0.069 40 83
72 9 0.069 0.069 83 100
76 13 0.069 0.069 100 135
67 2 0.069 0.069 135 186
113 53 0.08 0.08 0 40
87 39 0.08 0.08 40 83
72 23 0.08 0.08 83 100
76 8 0.08 0.08 100 135
67 7 0.08 0.08 135 186
53 52 0.057 0.057 0 40
39 32 0.057 0.057 40 83
23 22 0.057 0.057 83 100
8 9 0.057 0.057 100 135
7 6 0.057 0.057 135 186
50 114 0.067 0.067 0 40
31 95 0.067 0.067 40 83
16 80 0.067 0.067 83 100
11 75 0.067 0.067 100 135
4 68 0.067 0.067 135 186
50 41 0.094 0.094 0 40
31 16 0.094 0.094 40 83
16 11 0.094 0.094 83 100
11 15 0.094 0.094 100 135
4 0 0.094 0.094 135 186
48 112 0.092 0.092 0 40
22 86 0.092 0.092 40 83
9 73 0.092 0.092 83 100
13 77 0.092 0.092 100 135
2 66 0.092 0.092 135 186
104 51 0.094 0.094 0 40
81 24 0.094 0.094 40 83
74 17 0.094 0.094 83 100
78 10 0.094 0.094 100 135
65 5 0.094 0.094 135 186
40 51 0.08 0.08 0 40
17 24 0.08 0.08 40 83
10 17 0.08 0.08 83 100
14 10 0.08 0.08 100 135
1 5 0.08 0.08 135 186
41 105 0.097 0.097 0 40
16 80 0.097 0.097 40 83
11 75 0.097 0.097 83 100
15 79 0.097 0.097 100 135
0 64 0.097 0.097 135 186
114 116 0.062 0.062 0 40
95 96 0.062 0.062 40 83
80 86 0.062 0.062 83 100
75 73 0.062 0.062 100 135
68 70 0.062 0.062 135 186
53 116 0.056 0.056 0 40
39 96 0.056 0.056 40 83
23 86 0.056 0.056 83 100
8 73 0.056 0.056 100 135
7 70 0.056 0.056 135 186
105 116 0.058 0.058 0 40
80 96 0.058 0.058 40 83
75 86 0.058 0.058 83 100
79 73 0.058 0.058 100 135
64 70 0.058 0.058 135 186
52 116 0.061 0.061 0 40
32 96 0.061 0.061 40 83
22 86 0.061 0.061 83 100
9 73 0.061 0.061 100 135
6 70 0.061 0.061 135 186
51 115 0.065 0.065 0 40
24 88 0.065 0.065 40 83
17 81 0.065 0.065 83 100
10 74 0.065 0.065 100 135
5 69 0.065 0.065 135 186
51 117 0.061 0.061 0 40
24 103 0.061 0.061 40 83
17 87 0.061 0.061 83 100
10 72 0.061 0.061 100 135
5 71 0.061 0.061 135 186
8 10 0.063 0.063 0 83
12 14 0.063 0.063 83 100
8 11 0.093 0.093 0 83
12 15 0.093 0.093 83 100
10 11 0.066 0.066 0 83
14 15 0.066 0.066 83 100
11 75 0.094 0.094 0 83
15 79 0.094 0.094 83 100
75 73 0.073 0.073 0 83
79 77 0.073 0.073 83 100
75 9 0.092 0.092 0 83
79 13 0.092 0.092 83 100
11 74 0.054 0.054 0 83
15 78 0.054 0.054 83 100
73 74 0.06 0.06 0 83
77 78 0.06 0.06 83 100
9 74 0.063 0.063 0 83
13 78 0.063 0.063 83 100
10 74 0.071 0.071 0 83
14 78 0.071 0.071 83 100
74 72 0.059 0.059 0 83
78 76 0.059 0.059 83 100
61 125 0.082 0.082 0 40
48 112 0.082 0.082 40 83
47 111 0.082 0.082 83 100
31 95 0.082 0.082 100 135
11 75 0.082 0.082 135 163
125 63 0.068 0.068 0 40
112 41 0.068 0.068 40 83
111 32 0.068 0.068 83 100
95 22 0.068 0.068 100 135
75 13 0.068 0.068 135 163
125 54 0.056 0.056 0 40
112 47 0.056 0.056 40 83
111 31 0.056 0.056 83 100
95 16 0.056 0.056 100 135
75 15 0.056 0.056 135 163
63 60 0.085 0.085 0 40
41 49 0.085 0.085 40 83
32 46 0.085 0.085 83 100
22 24 0.085 0.085 100 135
13 10 0.085 0.085 135 163
54 127 0.092 0.092 0 40
47 105 0.092 0.092 40 83
31 96 0.092 0.092 83 100
16 86 0.092 0.092 100 135
15 77 0.092 0.092 135 163
61 127 0.06 0.06 0 40
48 105 0.06 0.06 40 83
47 96 0.06 0.06 83 100
31 86 0.06 0.06 100 135
11 77 0.06 0.06 135 163
63 127 0.088 0.088 0 40
41 105 0.088 0.088 40 83
32 96 0.088 0.088 83 100
22 86 0.088 0.088 100 135
13 77 0.088 0.088 135 163
60 127 0.06 0.06 0 40
49 105 0.06 0.06 40 83
46 96 0.06 0.06 83 100
24 86 0.06 0.06 100 135
10 77 0.06 0.06 135 163
127 58 0.058 0.058 0 40
105 51 0.058 0.058 40 83
96 40 0.058 0.058 83 100
86 39 0.058 0.058 100 135
77 8 0.058 0.058 135 163
127 123 0.075 0.075 0 40
105 114 0.075 0.075 40 83
96 105 0.075 0.075 83 100
86 96 0.075 0.075 100 135
77 73 0.075 0.075 135 163
58 62 0.061 0.061 0 40
51 40 0.061 0.061 40 83
40 39 0.061 0.061 83 100
39 23 0.061 0.061 100 135
8 12 0.061 0.061 135 163
62 126 0.087 0.087 0 40
40 104 0.087 0.087 40 83
39 103 0.087 0.087 83 100
23 87 0.087 0.087 100 135
12 76 0.087 0.087 135 163
60 124 0.064 0.064 0 40
49 113 0.064 0.064 40 83
46 110 0.064 0.064 83 100
24 88 0.064 0.064 100 135
10 74 0.064 0.064 135 163
123 124 0.054 0.054 0 40
114 113 0.054 0.054 40 83
105 110 0.054 0.054 83 100
96 88 0.054 0.054 100 135
73 74 0.054 0.054 135 163
54 118 0.099 0.099 0 40
47 111 0.099 0.099 40 83
31 95 0.099 0.099 83 100
16 80 0.099 0.099 100 135
15 79 0.099 0.099 135 163
58 118 0.057 0.057 0 40
51 111 0.057 0.057 40 83
40 95 0.057 0.057 83 100
39 80 0.057 0.057 100 135
8 79 0.057 0.057 135 163
123 118 0.091 0.091 0 40
114 111 0.091 0.091 40 83
105 95 0.091 0.091 83 100
96 80 0.091 0.091 100 135
73 79 0.091 0.091 135 163
118 55 0.058 0.058 0 40
111 46 0.058 0.058 40 83
95 24 0.058 0.058 83 100
80 17 0.058 0.058 100 135
79 14 0.058 0.058 135 163
118 59 0.064 0.064 0 40
111 50 0.064 0.064 40 83
95 41 0.064 0.064 83 100
80 32 0.064 0.064 100 135
79 9 0.064 0.064 135 163
126 59 0.079 0.079 0 40
104 50 0.079 0.079 40 83
103 41 0.079 0.079 83 100
87 32 0.079 0.079 100 135
76 9 0.079 0.079 135 163
55 119 0.09 0.09 0 40
46 110 0.09 0.09 40 83
24 88 0.09 0.09 83 100
17 81 0.09 0.09 100 135
14 78 0.09 0.09 135 163
188 252 0.094 0.094 0 40
61 125 0.094 0.094 40 83
54 118 0.094 0.094 83 100
50 114 0.094 0.094 100 135
32 96 0.094 0.094 135 163
9 73 0.094 0.094 163 186
6 70 0.094 0.094 186 255
252 180 0.079 0.079 0 40
125 185 0.079 0.079 40 83
118 58 0.079 0.079 83 100
114 62 0.079 0.079 100 135
96 49 0.079 0.079 135 163
73 24 0.079 0.079 163 186
70 10 0.079 0.079 186 255
252 245 0.089 0.089 0 40
125 248 0.089 0.089 40 83
118 123 0.089 0.089 83 100
114 127 0.089 0.089 100 135
96 112 0.089 0.089 135 163
73 95 0.089 0.089 163 186
70 75 0.089 0.089 186 255
188 191 0.077 0.077 0 40
61 58 0.077 0.077 40 83
54 62 0.077 0.077 83 100
50 53 0.077 0.077 100 135
32 46 0.077 0.077 135 163
9 17 0.077 0.077 163 186
6 14 0.077 0.077 186 255
245 191 0.055 0.055 0 40
248 58 0.055 0.055 40 83
123 62 0.055 0.055 83 100
127 53 0.055 0.055 100 135
112 46 0.055 0.055 135 163
95 17 0.055 0.055 163 186
75 14 0.055 0.055 186 255
180 191 0.08 0.08 0 40
185 58 0.08 0.08 40 83
58 62 0.08 0.08 83 100
62 53 0.08 0.08 100 135
49 46 0.08 0.08 135 163
24 17 0.08 0.08 163 186
10 14 0.08 0.08 186 255
180 190 0.06 0.06 0 40
185 59 0.06 0.06 40 83
58 63 0.06 0.06 83 100
62 52 0.06 0.06 100 135
49 47 0.06 0.06 135 163
24 16 0.06 0.06 163 186
10 15 0.06 0.06 186 255
245 190 0.053 0.053 0 40
248 59 0.053 0.053 40 83
123 63 0.053 0.053 83 100
127 52 0.053 0.053 100 135
112 47 0.053 0.053 135 163
95 16 0.053 0.053 163 186
75 15 0.053 0.053 186 255
190 254 0.089 0.089 0 40
59 123 0.089 0.089 40 83
63 127 0.089 0.089 83 100
52 116 0.089 0.089 100 135
47 111 0.089 0.089 135 163
16 80 0.089 0.089 163 186
15 79 0.089 0.089 186 255
190 255 0.075 0.075 0 40
59 122 0.075 0.075 40 83
63 126 0.075 0.075 83 100
52 117 0.075 0.075 100 135
47 110 0.075 0.075 135 163
16 81 0.075 0.075 163 186
15 78 0.075 0.075 186 255
254 255 0.074 0.074 0 40
123 122 0.074 0.074 40 83
127 126 0.074 0.074 83 100
116 117 0.074 0.074 100 135
111 110 0.074 0.074 135 163
80 81 0.074 0.074 163 186
79 78 0.074 0.074 186 255
191 255 0.085 0.085 0 40
58 122 0.085 0.085 40 83
62 126 0.085 0.085 83 100
53 117 0.085 0.085 100 135
46 110 0.085 0.085 135 163
17 81 0.085 0.085 163 186
14 78 0.085 0.085 186 255
255 185 0.079 0.079 0 40
122 55 0.079 0.079 40 83
126 51 0.079 0.079 83 100
117 40 0.079 0.079 100 135
110 23 0.079 0.079 135 163
81 12 0.079 0.079 163 186
78 3 0.079 0.079 186 255
185 244 0.055 0.055 0 40
55 249 0.055 0.055 40 83
51 122 0.055 0.055 83 100
40 126 0.055 0.055 100 135
23 113 0.055 0.055 135 163
12 88 0.055 0.055 163 186
3 74 0.055 0.055 186 255
185 249 0.098 0.098 0 40
55 119 0.098 0.098 40 83
51 115 0.098 0.098 83 100
40 104 0.098 0.098 100 135
23 87 0.098 0.098 135 163
12 76 0.098 0.098 163 186
3 67 0.098 0.098 186 255
255 243 0.06 0.06 0 40
122 250 0.06 0.06 40 83
126 121 0.06 0.06 83 100
117 125 0.06 0.06 100 135
110 114 0.06 0.06 135 163
81 96 0.06 0.06 163 186
78 73 0.06 0.06 186 255
191 243 0.065 0.065 0 40
58 250 0.065 0.065 40 83
62 121 0.065 0.065 83 100
53 125 0.065 0.065 100 135
46 114 0.065 0.065 135 163
17 96 0.065 0.065 163 186
14 73 0.065 0.065 186 255
249 243 0.059 0.059 0 40
119 250 0.059 0.059 40 83
115 121 0.059 0.059 83 100
104 125 0.059 0.059 100 135
87 114 0.059 0.059 135 163
76 96 0.059 0.059 163 186
67 73 0.059 0.059 186 255
243 187 0.082 0.082 0 40
250 62 0.082 0.082 40 83
121 53 0.082 0.082 83 100
125 49 0.082 0.082 100 135
114 24 0.082 0.082 135 163
96 10 0.082 0.082 163 186
73 5 0.082 0.082 186 255
187 181 0.068 0.068 0 40
62 184 0.068 0.068 40 83
53 59 0.068 0.068 83 100
49 63 0.068 0.068 100 135
24 48 0.068 0.068 135 163
10 31 0.068 0.068 163 186
5 11 0.068 0.068 186 255
187 251 0.096 0.096 0 40
62 126 0.096 0.096 40 83
53 117 0.096 0.096 83 100
49 113 0.096 0.096 100 135
24 88 0.096 0.096 135 163
10 74 0.096 0.096 163 186
5 69 0.096 0.096 186 255
251 189 0.06 0.06 0 40
126 60 0.06 0.06 40 83
117 55 0.06 0.06 83 100
113 51 0.06 0.06 100 135
88 39 0.06 0.06 135 163
74 8 0.06 0.06 163 186
69 7 0.06 0.06 186 255
244 189 0.067 0.067 0 40
249 60 0.067 0.067 40 83
122 55 0.067 0.067 83 100
126 51 0.067 0.067 100 135
113 39 0.067 0.067 135 163
88 8 0.067 0.067 163 186
74 7 0.067 0.067 186 255
181 189 0.075 0.075 0 40
184 60 0.075 0.075 40 83
59 55 0.075 0.075 83 100
63 51 0.075 0.075 100 135
48 39 0.075 0.075 135 163
31 8 0.075 0.075 163 186
11 7 0.075 0.075 186 255
189 253 0.092 0.092 0 40
60 124 0.092 0.092 40 83
55 119 0.092 0.092 83 100
51 115 0.092 0.092 100 135
39 103 0.092 0.092 135 163
8 72 0.092 0.092 163 186
7 71 0.092 0.092 186 255
254 184 0.075 0.075 0 40
123 54 0.075 0.075 40 83
127 50 0.075 0.075 83 100
116 41 0.075 0.075 100 135
111 22 0.075 0.075 135 163
80 13 0.075 0.075 163 186
79 2 0.075 0.075 186 255
244 184 0.096 0.096 0 40
249 54 0.096 0.096 40 83
122 50 0.096 0.096 83 100
126 41 0.096 0.096 100 135
113 22 0.096 0.096 135 163
88 13 0.096 0.096 163 186
74 2 0.096 0.096 186 255
249 57 0.071 0.071 0 40
119 52 0.071 0.071 40 83
115 48 0.071 0.071 83 100
104 47 0.071 0.071 100 135
87 16 0.071 0.071 135 163
76 15 0.071 0.071 163 186
67 0 0.071 0.071 186 255
243 57 0.093 0.093 0 40
250 52 0.093 0.093 40 83
121 48 0.093 0.093 83 100
125 47 0.093 0.093 100 135
114 16 0.093 0.093 135 163
96 15 0.093 0.093 163 186
73 0 0.093 0.093 186 255
189 57 0.091 0.091 0 40
60 52 0.091 0.091 40 83
55 48 0.091 0.091 83 100
51 47 0.091 0.091 100 135
39 16 0.091 0.091 135 163
8 15 0.091 0.091 163 186
7 0 0.091 0.091 186 255
251 57 0.05 0.05 0 40
126 52 0.05 0.05 40 83
117 48 0.05 0.05 83 100
113 47 0.05 0.05 100 135
88 16 0.05 0.05 135 163
74 15 0.05 0.05 163 186
69 0 0.05 0.05 186 255
253 121 0.061 0.061 0 40
124 116 0.061 0.061 40 83
119 112 0.061 0.061 83 100
115 111 0.061 0.061 100 135
103 80 0.061 0.061 135 163
72 79 0.061 0.061 163 186
71 64 0.061 0.061 186 255
57 121 0.099 0.099 0 40
52 116 0.099 0.099 40 83
48 112 0.099 0.099 83 100
47 111 0.099 0.099 100 135
16 80 0.099 0.099 135 163
15 79 0.099 0.099 163 186
0 64 0.099 0.099 186 255
181 121 0.079 0.079 0 40
184 116 0.079 0.079 40 83
59 112 0.079 0.079 83 100
63 111 0.079 0.079 100 135
48 80 0.079 0.079 135 163
31 79 0.079 0.079 163 186
11 64 0.079 0.079 186 255
184 121 0.062 0.062 0 40
54 116 0.062 0.062 40 83
50 112 0.062 0.062 83 100
41 111 0.062 0.062 100 135
22 80 0.062 0.062 135 163
13 79 0.062 0.062 163 186
2 64 0.062 0.062 186 255
121 248 0.068 0.068 0 40
116 118 0.068 0.068 40 83
112 114 0.068 0.068 83 100
111 105 0.068 0.068 100 135
80 86 0.068 0.068 135 163
79 77 0.068 0.068 163 186
64 66 0.068 0.068 186 255
57 248 0.069 0.069 0 40
52 118 0.069 0.069 40 83
48 114 0.069 0.069 83 100
47 105 0.069 0.069 100 135
16 86 0.069 0.069 135 163
15 77 0.069 0.069 163 186
0 66 0.069 0.069 186 255
253 248 0.092 0.092 0 40
124 118 0.092 0.092 40 83
119 114 0.092 0.092 83 100
115 105 0.092 0.092 100 135
103 86 0.092 0.092 135 163
72 77 0.092 0.092 163 186
71 66 0.092 0.092 186 255
184 248 0.098 0.098 0 40
54 118 0.098 0.098 40 83
50 114 0.098 0.098 83 100
41 105 0.098 0.098 100 135
22 86 0.098 0.098 135 163
13 77 0.098 0.098 163 186
2 66 0.098 0.098 186 255
248 183 0.06 0.06 0 40
118 57 0.06 0.06 40 83
114 61 0.06 0.06 83 100
105 54 0.06 0.06 100 135
86 41 0.06 0.06 135 163
77 22 0.06 0.06 163 186
66 13 0.06 0.06 186 255
121 183 0.086 0.086 0 40
116 57 0.086 0.086 40 83
112 61 0.086 0.086 83 100
111 54 0.086 0.086 100 135
80 41 0.086 0.086 135 163
79 22 0.086 0.086 163 186
64 13 0.086 0.086 186 255
248 247 0.089 0.089 0 40
118 121 0.089 0.089 40 83
114 125 0.089 0.089 83 100
105 118 0.089 0.089 100 135
86 105 0.089 0.089 135 163
77 86 0.089 0.089 163 186
66 77 0.089 0.089 186 255
183 247 0.073 0.073 0 40
57 121 0.073 0.073 40 83
61 125 0.073 0.073 83 100
54 118 0.073 0.073 100 135
41 105 0.073 0.073 135 163
22 86 0.073 0.073 163 186
13 77 0.073 0.073 186 255
247 186 0.071 0.071 0 40
121 63 0.071 0.071 40 83
125 52 0.071 0.071 83 100
118 48 0.071 0.071 100 135
105 31 0.071 0.071 135 163
86 11 0.071 0.071 163 186
77 4 0.071 0.071 186 255
183 186 0.052 0.052 0 40
57 63 0.052 0.052 40 83
61 52 0.052 0.052 83 100
54 48 0.052 0.052 100 135
41 31 0.052 0.052 135 163
22 11 0.052 0.052 163 186
13 4 0.052 0.052 186 255
186 250 0.096 0.096 0 40
63 127 0.096 0.096 40 83
52 116 0.096 0.096 83 100
48 112 0.096 0.096 100 135
31 95 0.096 0.096 135 163
11 75 0.096 0.096 163 186
4 68 0.096 0.096 186 255
186 179 0.068 0.068 0 40
63 186 0.068 0.068 40 83
52 57 0.068 0.068 83 100
48 61 0.068 0.068 100 135
31 50 0.068 0.068 135 163
11 32 0.068 0.068 163 186
4 9 0.068 0.068 186 255
250 246 0.084 0.084 0 40
127 120 0.084 0.084 40 83
116 124 0.084 0.084 83 100
112 119 0.084 0.084 100 135
95 104 0.084 0.084 135 163
75 87 0.084 0.084 163 186
68 76 0.084 0.084 186 255
250 182 0.083 0.083 0 40
127 56 0.083 0.083 40 83
116 60 0.083 0.083 83 100
112 55 0.083 0.083 100 135
95 40 0.083 0.083 135 163
75 23 0.083 0.083 163 186
68 12 0.083 0.083 186 255
247 56 0.08 0.08 0 40
121 53 0.08 0.08 40 83
125 49 0.08 0.08 83 100
118 46 0.08 0.08 100 135
105 17 0.08 0.08 135 163
86 14 0.08 0.08 163 186
77 1 0.08 0.08 186 255
246 56 0.065 0.065 0 40
120 53 0.065 0.065 40 83
124 49 0.065 0.065 83 100
119 46 0.065 0.065 100 135
104 17 0.065 0.065 135 163
87 14 0.065 0.065 163 186
76 1 0.065 0.065 186 255
182 120 0.083 0.083 0 40
56 117 0.083 0.083 40 83
60 113 0.083 0.083 83 100
55 110 0.083 0.083 100 135
40 81 0.083 0.083 135 163
23 78 0.083 0.083 163 186
12 65 0.083 0.083 186 255
56 120 0.098 0.098 0 40
53 117 0.098 0.098 40 83
49 113 0.098 0.098 83 100
46 110 0.098 0.098 100 135
17 81 0.098 0.098 135 163
14 78 0.098 0.098 163 186
1 65 0.098 0.098 186 255
246 120 0.065 0.065 0 40
120 117 0.065 0.065 40 83
124 113 0.065 0.065 83 100
119 110 0.065 0.065 100 135
104 81 0.065 0.065 135 163
87 78 0.065 0.065 163 186
76 65 0.065 0.065 186 255
179 120 0.072 0.072 0 40
186 117 0.072 0.072 40 83
57 113 0.072 0.072 83 100
61 110 0.072 0.072 100 135
50 81 0.072 0.072 135 163
32 78 0.072 0.072 163 186
9 65 0.072 0.072 186 255
138 202 0.078 0.078 0 40
175 239 0.078 0.078 40 54
176 240 0.078 0.078 54 67
180 244 0.078 0.078 67 83
191 255 0.078 0.078 83 97
187 251 0.078 0.078 97 100
56 120 0.078 0.078 100 131
202 139 0.067 0.067 0 40
239 167 0.067 0.067 40 54
240 168 0.067 0.067 54 67
244 179 0.067 0.067 67 83
255 183 0.067 0.067 83 97
251 188 0.067 0.067 97 100
120 184 0.067 0.067 100 131
202 141 0.067 0.067 0 40
239 161 0.067 0.067 40 54
240 174 0.067 0.067 54 67
244 177 0.067 0.067 67 83
255 181 0.067 0.067 83 97
251 190 0.067 0.067 97 100
120 186 0.067 0.067 100 131
139 203 0.053 0.053 0 40
167 231 0.053 0.053 40 54
168 232 0.053 0.053 54 67
179 243 0.053 0.053 67 83
183 247 0.053 0.053 83 97
188 252 0.053 0.053 97 100
184 248 0.053 0.053 100 131
139 140 0.052 0.052 0 40
167 166 0.052 0.052 40 54
168 169 0.052 0.052 54 67
179 178 0.052 0.052 67 83
183 182 0.052 0.052 83 97
188 189 0.052 0.052 97 100
184 185 0.052 0.052 100 131
140 145 0.097 0.097 0 40
166 176 0.097 0.097 40 54
169 180 0.097 0.097 54 67
178 191 0.097 0.097 67 83
182 187 0.097 0.097 83 97
189 56 0.097 0.097 97 100
185 60 0.097 0.097 100 131
141 145 0.072 0.072 0 40
161 176 0.072 0.072 40 54
174 180 0.072 0.072 54 67
177 191 0.072 0.072 67 83
181 187 0.072 0.072 83 97
190 56 0.072 0.072 97 100
186 60 0.072 0.072 100 131
138 145 0.053 0.053 0 40
175 176 0.053 0.053 40 54
176 180 0.053 0.053 54 67
180 191 0.053 0.053 67 83
191 187 0.053 0.053 83 97
187 56 0.053 0.053 97 100
56 60 0.053 0.053 100 131
203 145 0.076 0.076 0 40
231 176 0.076 0.076 40 54
232 180 0.076 0.076 54 67
243 191 0.076 0.076 67 83
247 187 0.076 0.076 83 97
252 56 0.076 0.076 97 100
248 60 0.076 0.076 100 131
203 136 0.08 0.08 0 40
231 169 0.08 0.08 40 54
232 178 0.08 0.08 54 67
243 182 0.08 0.08 67 83
247 189 0.08 0.08 83 97
252 185 0.08 0.08 97 100
248 58 0.08 0.08 100 131
136 137 0.063 0.063 0 40
169 174 0.063 0.063 40 54
178 177 0.063 0.063 54 67
182 181 0.063 0.063 67 83
189 190 0.063 0.063 83 97
185 186 0.063 0.063 97 100
58 57 0.063 0.063 100 131
145 200 0.07 0.07 0 40
176 233 0.07 0.07 40 54
180 242 0.07 0.07 54 67
191 246 0.07 0.07 67 83
187 253 0.07 0.07 83 97
56 249 0.07 0.07 97 100
60 122 0.07 0.07 100 131
137 200 0.087 0.087 0 40
174 233 0.087 0.087 40 54
177 242 0.087 0.087 54 67
181 246 0.087 0.087 67 83
190 253 0.087 0.087 83 97
186 249 0.087 0.087 97 100
57 122 0.087 0.087 100 131
136 200 0.094 0.094 0 40
169 233 0.094 0.094 40 54
178 242 0.094 0.094 54 67
182 246 0.094 0.094 67 83
189 253 0.094 0.094 83 97
185 249 0.094 0.094 97 100
58 122 0.094 0.094 100 131
141 200 0.089 0.089 0 40
161 233 0.089 0.089 40 54
174 242 0.089 0.089 54 67
177 246 0.089 0.089 67 83
181 253 0.089 0.089 83 97
190 249 0.089 0.089 97 100
186 122 0.089 0.089 100 131
137 201 0.087 0.087 0 40
174 238 0.087 0.087 40 54
177 241 0.087 0.087 54 67
181 245 0.087 0.087 67 83
190 254 0.087 0.087 83 97
186 250 0.087 0.087 97 100
57 121 0.087 0.087 100 131
200 201 0.081 0.081 0 40
233 238 0.081 0.081 40 54
242 241 0.081 0.081 54 67
246 245 0.081 0.081 67 83
253 254 0.081 0.081 83 97
249 250 0.081 0.081 97 100
122 121 0.081 0.081 100 131
201 144 0.089 0.089 0 40
238 168 0.089 0.089 40 54
241 179 0.089 0.089 54 67
245 183 0.089 0.089 67 83
254 188 0.089 0.089 83 97
250 184 0.089 0.089 97 100
121 59 0.089 0.089 100 131
201 204 0.066 0.066 0 40
238 230 0.066 0.066 40 54
241 233 0.066 0.066 54 67
245 242 0.066 0.066 67 83
254 246 0.066 0.066 83 97
250 253 0.066 0.066 97 100
121 249 0.066 0.066 100 131
144 208 0.096 0.096 0 40
168 232 0.096 0.096 40 54
179 243 0.096 0.096 54 67
183 247 0.096 0.096 67 83
188 252 0.096 0.096 83 97
184 248 0.096 0.096 97 100
59 123 0.096 0.096 100 131
145 209 0.099 0.099 0 40
176 240 0.099 0.099 40 54
180 244 0.099 0.099 54 67
191 255 0.099 0.099 67 83
187 251 0.099 0.099 83 97
56 120 0.099 0.099 97 100
60 124 0.099 0.099 100 131
200 209 0.06 0.06 0 40
233 240 0.06 0.06 40 54
242 244 0.06 0.06 54 67
246 255 0.06 0.06 67 83
253 251 0.06 0.06 83 97
249 120 0.06 0.06 97 100
122 124 0.06 0.06 100 131
178 242 0.081 0.081 0 40
187 251 0.081 0.081 40 67
178 176 0.064 0.064 0 40
187 189 0.064 0.064 40 67
176 177 0.068 0.068 0 40
189 188 0.068 0.068 40 67
177 241 0.078 0.078 0 40
188 252 0.078 0.078 40 67
176 240 0.073 0.073 0 40
189 253 0.073 0.073 40 67
240 168 0.05 0.05 0 40
253 190 0.05 0.05 40 67
132 196 0.066 0.066 0 40
151 215 0.066 0.066 40 54
152 216 0.066 0.066 54 67
167 231 0.066 0.066 67 83
168 232 0.066 0.066 83 97
179 243 0.066 0.066 97 100
183 247 0.066 0.066 100 130
132 143 0.078 0.078 0 40
151 152 0.078 0.078 40 54
152 167 0.078 0.078 54 67
167 168 0.078 0.078 67 83
168 179 0.078 0.078 83 97
179 183 0.078 0.078 97 100
183 188 0.078 0.078 100 130
143 131 0.053 0.053 0 40
152 150 0.053 0.053 40 54
167 153 0.053 0.053 54 67
168 166 0.053 0.053 67 83
179 169 0.053 0.053 83 97
183 178 0.053 0.053 97 100
188 182 0.053 0.053 100 130
143 207 0.094 0.094 0 40
152 216 0.094 0.094 40 54
167 231 0.094 0.094 54 67
168 232 0.094 0.094 67 83
179 243 0.094 0.094 83 97
183 247 0.094 0.094 97 100
188 252 0.094 0.094 100 130
196 207 0.082 0.082 0 40
215 216 0.082 0.082 40 54
216 231 0.082 0.082 54 67
231 232 0.082 0.082 67 83
232 243 0.082 0.082 83 97
243 247 0.082 0.082 97 100
247 252 0.082 0.082 100 130
131 142 0.09 0.09 0 40
150 160 0.09 0.09 40 54
153 175 0.09 0.09 54 67
166 176 0.09 0.09 67 83
169 180 0.09 0.09 83 97
178 191 0.09 0.09 97 100
182 187 0.09 0.09 100 130
142 206 0.098 0.098 0 40
160 224 0.098 0.098 40 54
175 239 0.098 0.098 54 67
176 240 0.098 0.098 67 83
180 244 0.098 0.098 83 97
191 255 0.098 0.098 97 100
187 251 0.098 0.098 100 130
206 135 0.066 0.066 0 40
224 153 0.066 0.066 40 54
239 166 0.066 0.066 54 67
240 169 0.066 0.066 67 83
244 178 0.066 0.066 83 97
255 182 0.066 0.066 97 100
251 189 0.066 0.066 100 130
206 195 0.085 0.085 0 40
224 214 0.085 0.085 40 54
239 217 0.085 0.085 54 67
240 230 0.085 0.085 67 83
244 233 0.085 0.085 83 97
255 242 0.085 0.085 97 100
251 246 0.085 0.085 100 130
195 133 0.07 0.07 0 40
214 159 0.07 0.07 40 54
217 160 0.07 0.07 54 67
230 175 0.07 0.07 67 83
233 176 0.07 0.07 83 97
242 180 0.07 0.07 97 100
246 191 0.07 0.07 100 130
135 199 0.093 0.093 0 40
153 217 0.093 0.093 40 54
166 230 0.093 0.093 54 67
169 233 0.093 0.093 67 83
178 242 0.093 0.093 83 97
182 246 0.093 0.093 97 100
189 253 0.093 0.093 100 130
199 130 0.091 0.091 0 40
217 145 0.091 0.091 40 54
230 158 0.091 0.091 54 67
233 161 0.091 0.091 67 83
242 174 0.091 0.091 83 97
246 177 0.091 0.091 97 100
253 181 0.091 0.091 100 130
207 130 0.09 0.09 0 40
216 145 0.09 0.09 40 54
231 158 0.09 0.09 54 67
232 161 0.09 0.09 67 83
243 174 0.09 0.09 83 97
247 177 0.09 0.09 97 100
252 181 0.09 0.09 100 130
133 197 0.08 0.08 0 40
159 223 0.08 0.08 40 54
160 224 0.08 0.08 54 67
175 239 0.08 0.08 67 83
176 240 0.08 0.08 83 97
180 244 0.08 0.08 97 100
191 255 0.08 0.08 100 130
133 134 0.072 0.072 0 40
159 158 0.072 0.072 40 54
160 161 0.072 0.072 54 67
175 174 0.072 0.072 67 83
176 177 0.072 0.072 83 97
180 181 0.072 0.072 97 100
191 190 0.072 0.072 100 130
134 198 0.091 0.091 0 40
158 222 0.091 0.091 40 54
161 225 0.091 0.091 54 67
174 238 0.091 0.091 67 83
177 241 0.091 0.091 83 97
181 245 0.091 0.091 97 100
190 254 0.091 0.091 100 130
195 198 0.081 0.081 0 40
214 222 0.081 0.081 40 54
217 225 0.081 0.081 54 67
230 238 0.081 0.081 67 83
233 241 0.081 0.081 83 97
242 245 0.081 0.081 97 100
246 254 0.081 0.081 100 130
175 239 0.065 0.065 0 40
239 166 0.056 0.056 0 40
166 174 0.081 0.081 0 40
175 238 0.078 0.078 0 40
174 238 0.09 0.09 0 40
239 238 0.077 0.077 0 40
238 167 0.061 0.061 0 40
174 231 0.053 0.053 0 40
141 142 0.054 0.054 40 54
137 138 0.054 0.054 54 67
150 145 0.054 0.054 67 83
153 158 0.054 0.054 83 97
166 161 0.054 0.054 97 100
169 174 0.054 0.054 100 130
182 181 0.054 0.054 130 131
185 186 0.054 0.054 131 135
62 61 0.054 0.054 135 163
49 50 0.054 0.054 163 186
24 32 0.054 0.054 186 255
6 7 0.054 0.054 255 281
141 205 0.086 0.086 40 54
137 201 0.086 0.086 54 67
150 214 0.086 0.086 67 83
153 217 0.086 0.086 83 97
166 230 0.086 0.086 97 100
169 233 0.086 0.086 100 130
182 246 0.086 0.086 130 131
185 249 0.086 0.086 131 135
62 126 0.086 0.086 135 163
49 113 0.086 0.086 163 186
24 88 0.086 0.086 186 255
6 70 0.086 0.086 255 281
205 139 0.075 0.075 40 54
201 144 0.075 0.075 54 67
214 159 0.075 0.075 67 83
217 160 0.075 0.075 83 97
230 175 0.075 0.075 97 100
233 176 0.075 0.075 100 130
246 191 0.075 0.075 130 131
249 56 0.075 0.075 131 135
126 55 0.075 0.075 135 163
113 40 0.075 0.075 163 186
88 23 0.075 0.075 186 255
70 4 0.075 0.075 255 281
142 139 0.056 0.056 40 54
138 144 0.056 0.056 54 67
145 159 0.056 0.056 67 83
158 160 0.056 0.056 83 97
161 175 0.056 0.056 97 100
174 176 0.056 0.056 100 130
181 191 0.056 0.056 130 131
186 56 0.056 0.056 131 135
61 55 0.056 0.056 135 163
50 40 0.056 0.056 163 186
32 23 0.056 0.056 186 255
7 4 0.056 0.056 255 281
139 133 0.06 0.06 40 54
144 142 0.06 0.06 54 67
159 138 0.06 0.06 67 83
160 145 0.06 0.06 83 97
175 158 0.06 0.06 97 100
176 161 0.06 0.06 100 130
191 177 0.06 0.06 130 131
56 190 0.06 0.06 131 135
55 57 0.06 0.06 135 163
40 54 0.06 0.06 163 186
23 41 0.06 0.06 186 255
4 12 0.06 0.06 255 281
139 203 0.093 0.093 40 54
144 208 0.093 0.093 54 67
159 223 0.093 0.093 67 83
160 224 0.093 0.093 83 97
175 239 0.093 0.093 97 100
176 240 0.093 0.093 100 130
191 255 0.093 0.093 130 131
56 120 0.093 0.093 131 135
55 119 0.093 0.093 135 163
40 104 0.093 0.093 163 186
23 87 0.093 0.093 186 255
4 68 0.093 0.093 255 281
203 138 0.062 0.062 40 54
208 145 0.062 0.062 54 67
223 158 0.062 0.062 67 83
224 161 0.062 0.062 83 97
239 174 0.062 0.062 97 100
240 177 0.062 0.062 100 130
255 190 0.062 0.062 130 131
120 57 0.062 0.062 131 135
119 54 0.062 0.062 135 163
104 41 0.062 0.062 163 186
87 22 0.062 0.062 186 255
68 3 0.062 0.062 255 281
138 202 0.098 0.098 40 54
145 209 0.098 0.098 54 67
158 222 0.098 0.098 67 83
161 225 0.098 0.098 83 97
174 238 0.098 0.098 97 100
177 241 0.098 0.098 100 130
190 254 0.098 0.098 130 131
57 121 0.098 0.098 131 135
54 118 0.098 0.098 135 163
41 105 0.098 0.098 163 186
22 86 0.098 0.098 186 255
3 67 0.098 0.098 255 281
138 195 0.054 0.054 40 54
145 199 0.054 0.054 54 67
158 204 0.054 0.054 67 83
161 200 0.054 0.054 83 97
174 215 0.054 0.054 97 100
177 216 0.054 0.054 100 130
190 232 0.054 0.054 130 131
57 247 0.054 0.054 131 135
54 248 0.054 0.054 135 163
41 127 0.054 0.054 163 186
22 112 0.054 0.054 186 255
3 74 0.054 0.054 255 281
133 197 0.067 0.067 40 54
142 206 0.067 0.067 54 67
138 202 0.067 0.067 67 83
145 209 0.067 0.067 83 97
158 222 0.067 0.067 97 100
161 225 0.067 0.067 100 130
177 241 0.067 0.067 130 131
190 254 0.067 0.067 131 135
57 121 0.067 0.067 135 163
54 118 0.067 0.067 163 186
41 105 0.067 0.067 186 255
12 76 0.067 0.067 255 281
205 137 0.082 0.082 40 54
201 150 0.082 0.082 54 67
214 153 0.082 0.082 67 83
217 166 0.082 0.082 83 97
230 169 0.082 0.082 97 100
233 178 0.082 0.082 100 130
246 189 0.082 0.082 130 131
249 58 0.082 0.082 131 135
126 53 0.082 0.082 135 163
113 46 0.082 0.082 163 186
88 17 0.082 0.082 186 255
70 2 0.082 0.082 255 281
197 137 0.094 0.094 40 54
206 150 0.094 0.094 54 67
202 153 0.094 0.094 67 83
209 166 0.094 0.094 83 97
222 169 0.094 0.094 97 100
225 178 0.094 0.094 100 130
241 189 0.094 0.094 130 131
254 58 0.094 0.094 131 135
121 53 0.094 0.094 135 163
118 46 0.094 0.094 163 186
105 17 0.094 0.094 186 255
76 2 0.094 0.094 255 281
202 134 0.076 0.076 40 54
209 141 0.076 0.076 54 67
222 137 0.076 0.076 67 83
225 150 0.076 0.076 83 97
238 153 0.076 0.076 97 100
241 166 0.076 0.076 100 130
254 178 0.076 0.076 130 131
121 189 0.076 0.076 131 135
118 58 0.076 0.076 135 163
105 53 0.076 0.076 163 186
86 46 0.076 0.076 186 255
67 13 0.076 0.076 255 281
134 206 0.07 0.07 40 54
141 202 0.07 0.07 54 67
137 209 0.07 0.07 67 83
150 222 0.07 0.07 83 97
153 225 0.07 0.07 97 100
166 238 0.07 0.07 100 130
178 245 0.07 0.07 130 131
189 250 0.07 0.07 131 135
58 125 0.07 0.07 135 163
53 114 0.07 0.07 163 186
46 96 0.07 0.07 186 255
13 71 0.07 0.07 255 281
133 206 0.069 0.069 40 54
142 202 0.069 0.069 54 67
138 209 0.069 0.069 67 83
145 222 0.069 0.069 83 97
158 225 0.069 0.069 97 100
161 238 0.069 0.069 100 130
177 245 0.069 0.069 130 131
190 250 0.069 0.069 131 135
57 125 0.069 0.069 135 163
54 114 0.069 0.069 163 186
41 96 0.069 0.069 186 255
12 71 0.069 0.069 255 281
203 206 0.073 0.073 40 54
208 202 0.073 0.073 54 67
223 209 0.073 0.073 67 83
224 222 0.073 0.073 83 97
239 225 0.073 0.073 97 100
240 238 0.073 0.073 100 130
255 245 0.073 0.073 130 131
120 250 0.073 0.073 131 135
119 125 0.073 0.073 135 163
104 114 0.073 0.073 163 186
87 96 0.073 0.073 186 255
68 71 0.073 0.073 255 281
142 206 0.079 0.079 40 54
138 202 0.079 0.079 54 67
145 209 0.079 0.079 67 83
158 222 0.079 0.079 83 97
161 225 0.079 0.079 97 100
174 238 0.079 0.079 100 130
181 245 0.079 0.079 130 131
186 250 0.079 0.079 131 135
61 125 0.079 0.079 135 163
50 114 0.079 0.079 163 186
32 96 0.079 0.079 186 255
7 71 0.079 0.079 255 281
206 144 0.091 0.091 40 54
202 159 0.091 0.091 54 67
209 160 0.091 0.091 67 83
222 175 0.091 0.091 83 97
225 176 0.091 0.091 97 100
238 180 0.091 0.091 100 130
245 187 0.091 0.091 130 131
250 60 0.091 0.091 131 135
125 51 0.091 0.091 135 163
114 39 0.091 0.091 163 186
96 8 0.091 0.091 186 255
71 0 0.091 0.091 255 281
197 144 0.069 0.069 40 54
206 159 0.069 0.069 54 67
202 160 0.069 0.069 67 83
209 175 0.069 0.069 83 97
222 176 0.069 0.069 97 100
225 180 0.069 0.069 100 130
241 187 0.069 0.069 130 131
254 60 0.069 0.069 131 135
121 51 0.069 0.069 135 163
118 39 0.069 0.069 163 186
105 8 0.069 0.069 186 255
76 0 0.069 0.069 255 281
195 144 0.076 0.076 40 54
199 159 0.076 0.076 54 67
204 160 0.076 0.076 67 83
200 175 0.076 0.076 83 97
215 176 0.076 0.076 97 100
216 180 0.076 0.076 100 130
232 187 0.076 0.076 130 131
247 60 0.076 0.076 131 135
248 51 0.076 0.076 135 163
127 39 0.076 0.076 163 186
112 8 0.076 0.076 186 255
74 0 0.076 0.076 255 281
137 135 0.075 0.075 40 54
150 140 0.075 0.075 54 67
153 136 0.075 0.075 67 83
166 151 0.075 0.075 83 97
169 152 0.075 0.075 97 100
178 167 0.075 0.075 100 130
189 179 0.075 0.075 130 131
58 188 0.075 0.075 131 135
53 59 0.075 0.075 135 163
46 52 0.075 0.075 163 186
17 47 0.075 0.075 186 255
2 14 0.075 0.075 255 281
144 135 0.084 0.084 40 54
159 140 0.084 0.084 54 67
160 136 0.084 0.084 67 83
175 151 0.084 0.084 83 97
176 152 0.084 0.084 97 100
180 167 0.084 0.084 100 130
187 179 0.084 0.084 130 131
60 188 0.084 0.084 131 135
51 59 0.084 0.084 135 163
39 52 0.084 0.084 163 186
8 47 0.084 0.084 186 255
0 14 0.084 0.084 255 281
135 199 0.075 0.075 40 54
140 204 0.075 0.075 54 67
136 200 0.075 0.075 67 83
151 215 0.075 0.075 83 97
152 216 0.075 0.075 97 100
167 231 0.075 0.075 100 130
179 243 0.075 0.075 130 131
188 252 0.075 0.075 131 135
59 123 0.075 0.075 135 163
52 116 0.075 0.075 163 186
47 111 0.075 0.075 186 255
14 78 0.075 0.075 255 281
135 194 0.053 0.053 40 54
140 198 0.053 0.053 54 67
136 205 0.053 0.053 67 83
151 201 0.053 0.053 83 97
152 214 0.053 0.053 97 100
167 217 0.053 0.053 100 130
179 233 0.053 0.053 130 131
188 246 0.053 0.053 131 135
59 249 0.053 0.053 135 163
52 126 0.053 0.053 163 186
47 113 0.053 0.053 186 255
14 73 0.053 0.053 255 281
206 198 0.068 0.068 40 54
202 205 0.068 0.068 54 67
209 201 0.068 0.068 67 83
222 214 0.068 0.068 83 97
225 217 0.068 0.068 97 100
238 230 0.068 0.068 100 130
245 242 0.068 0.068 130 131
250 253 0.068 0.068 131 135
125 122 0.068 0.068 135 163
114 117 0.068 0.068 163 186
96 110 0.068 0.068 186 255
71 77 0.068 0.068 255 281
134 198 0.068 0.068 40 54
141 205 0.068 0.068 54 67
137 201 0.068 0.068 67 83
150 214 0.068 0.068 83 97
153 217 0.068 0.068 97 100
166 230 0.068 0.068 100 130
178 242 0.068 0.068 130 131
189 253 0.068 0.068 131 135
58 122 0.068 0.068 135 163
53 117 0.068 0.068 163 186
46 110 0.068 0.068 186 255
13 77 0.068 0.068 255 281
195 198 0.064 0.064 40 54
199 205 0.064 0.064 54 67
204 201 0.064 0.064 67 83
200 214 0.064 0.064 83 97
215 217 0.064 0.064 97 100
216 230 0.064 0.064 100 130
232 242 0.064 0.064 130 131
247 253 0.064 0.064 131 135
248 122 0.064 0.064 135 163
127 117 0.064 0.064 163 186
112 110 0.064 0.064 186 255
74 77 0.064 0.064 255 281
202 198 0.068 0.068 40 54
209 205 0.068 0.068 54 67
222 201 0.068 0.068 67 83
225 214 0.068 0.068 83 97
238 217 0.068 0.068 97 100
241 230 0.068 0.068 100 130
254 242 0.068 0.068 130 131
121 253 0.068 0.068 131 135
118 122 0.068 0.068 135 163
105 117 0.068 0.068 163 186
86 110 0.068 0.068 186 255
67 77 0.068 0.068 255 281
199 208 0.075 0.075 40 54
204 223 0.075 0.075 54 67
200 224 0.075 0.075 67 83
215 239 0.075 0.075 83 97
216 240 0.075 0.075 97 100
231 244 0.075 0.075 100 130
243 251 0.075 0.075 130 131
252 124 0.075 0.075 131 135
123 115 0.075 0.075 135 163
116 103 0.075 0.075 163 186
111 72 0.075 0.075 186 255
78 64 0.075 0.075 255 281
198 208 0.071 0.071 40 54
205 223 0.071 0.071 54 67
201 224 0.071 0.071 67 83
214 239 0.071 0.071 83 97
217 240 0.071 0.071 97 100
230 244 0.071 0.071 100 130
242 251 0.071 0.071 130 131
253 124 0.071 0.071 131 135
122 115 0.071 0.071 135 163
117 103 0.071 0.071 163 186
110 72 0.071 0.071 186 255
77 64 0.071 0.071 255 281
194 208 0.058 0.058 40 54
198 223 0.058 0.058 54 67
205 224 0.058 0.058 67 83
201 239 0.058 0.058 83 97
214 240 0.058 0.058 97 100
217 244 0.058 0.058 100 130
233 251 0.058 0.058 130 131
246 124 0.058 0.058 131 135
249 115 0.058 0.058 135 163
126 103 0.058 0.058 163 186
113 72 0.058 0.058 186 255
73 64 0.058 0.058 255 281
144 208 0.099 0.099 40 54
159 223 0.099 0.099 54 67
160 224 0.099 0.099 67 83
175 239 0.099 0.099 83 97
176 240 0.099 0.099 97 100
180 244 0.099 0.099 100 130
187 251 0.099 0.099 130 131
60 124 0.099 0.099 131 135
51 115 0.099 0.099 135 163
39 103 0.099 0.099 163 186
8 72 0.099 0.099 186 255
0 64 0.099 0.099 255 281
208 201 0.071 0.071 40 54
223 214 0.071 0.071 54 67
224 217 0.071 0.071 67 83
239 230 0.071 0.071 83 97
240 233 0.071 0.071 97 100
244 242 0.071 0.071 100 130
251 253 0.071 0.071 130 131
124 122 0.071 0.071 131 135
115 117 0.071 0.071 135 163
103 110 0.071 0.071 163 186
72 81 0.071 0.071 186 255
64 66 0.071 0.071 255 281
137 201 0.098 0.098 40 54
150 214 0.098 0.098 54 67
153 217 0.098 0.098 67 83
166 230 0.098 0.098 83 97
169 233 0.098 0.098 97 100
178 242 0.098 0.098 100 130
189 253 0.098 0.098 130 131
58 122 0.098 0.098 131 135
53 117 0.098 0.098 135 163
46 110 0.098 0.098 163 186
17 81 0.098 0.098 186 255
2 66 0.098 0.098 255 281
198 201 0.074 0.074 40 54
205 214 0.074 0.074 54 67
201 217 0.074 0.074 67 83
214 230 0.074 0.074 83 97
217 233 0.074 0.074 97 100
230 242 0.074 0.074 100 130
242 253 0.074 0.074 130 131
253 122 0.074 0.074 131 135
122 117 0.074 0.074 135 163
117 110 0.074 0.074 163 186
110 81 0.074 0.074 186 255
77 66 0.074 0.074 255 281
199 201 0.082 0.082 40 54
204 214 0.082 0.082 54 67
200 217 0.082 0.082 67 83
215 230 0.082 0.082 83 97
216 233 0.082 0.082 97 100
231 242 0.082 0.082 100 130
243 253 0.082 0.082 130 131
252 122 0.082 0.082 131 135
123 117 0.082 0.082 135 163
116 110 0.082 0.082 163 186
111 81 0.082 0.082 186 255
78 66 0.082 0.082 255 281
194 140 0.087 0.087 40 54
198 136 0.087 0.087 54 67
205 151 0.087 0.087 67 83
201 152 0.087 0.087 83 97
214 167 0.087 0.087 97 100
217 168 0.087 0.087 100 130
233 183 0.087 0.087 130 131
246 184 0.087 0.087 131 135
249 63 0.087 0.087 135 163
126 48 0.087 0.087 163 186
113 31 0.087 0.087 186 255
73 5 0.087 0.087 255 281
201 130 0.081 0.081 40 54
214 134 0.081 0.081 54 67
217 141 0.081 0.081 67 83
230 137 0.081 0.081 83 97
233 150 0.081 0.081 97 100
242 153 0.081 0.081 100 130
253 169 0.081 0.081 130 131
122 182 0.081 0.081 131 135
117 185 0.081 0.081 135 163
110 62 0.081 0.081 163 186
81 49 0.081 0.081 186 255
66 9 0.081 0.081 255 281
201 143 0.062 0.062 40 54
214 139 0.062 0.062 54 67
217 144 0.062 0.062 67 83
230 159 0.062 0.062 83 97
233 160 0.062 0.062 97 100
242 175 0.062 0.062 100 130
253 180 0.062 0.062 130 131
122 187 0.062 0.062 131 135
117 60 0.062 0.062 135 163
110 51 0.062 0.062 163 186
81 39 0.062 0.062 186 255
66 15 0.062 0.062 255 281
130 136 0.052 0.052 40 54
134 151 0.052 0.052 54 67
141 152 0.052 0.052 67 83
137 167 0.052 0.052 83 97
150 168 0.052 0.052 97 100
153 179 0.052 0.052 100 130
169 188 0.052 0.052 130 131
182 59 0.052 0.052 131 135
185 52 0.052 0.052 135 163
62 47 0.052 0.052 163 186
49 16 0.052 0.052 186 255
9 1 0.052 0.052 255 281
136 200 0.098 0.098 40 54
151 215 0.098 0.098 54 67
152 216 0.098 0.098 67 83
167 231 0.098 0.098 83 97
168 232 0.098 0.098 97 100
179 243 0.098 0.098 100 130
188 252 0.098 0.098 130 131
59 123 0.098 0.098 131 135
52 116 0.098 0.098 135 163
47 111 0.098 0.098 163 186
16 80 0.098 0.098 186 255
1 65 0.098 0.098 255 281
136 132 0.073 0.073 40 54
151 143 0.073 0.073 54 67
152 139 0.073 0.073 67 83
167 144 0.073 0.073 83 97
168 159 0.073 0.073 97 100
179 160 0.073 0.073 100 130
188 176 0.073 0.073 130 131
59 191 0.073 0.073 131 135
52 56 0.073 0.073 135 163
47 55 0.073 0.073 163 186
16 40 0.073 0.073 186 255
1 11 0.073 0.073 255 281
143 196 0.05 0.05 40 54
139 207 0.05 0.05 54 67
144 203 0.05 0.05 67 83
159 208 0.05 0.05 83 97
160 223 0.05 0.05 97 100
175 224 0.05 0.05 100 130
180 240 0.05 0.05 130 131
187 255 0.05 0.05 131 135
60 120 0.05 0.05 135 163
51 119 0.05 0.05 163 186
39 104 0.05 0.05 186 255
15 75 0.05 0.05 255 281
143 207 0.077 0.077 40 54
139 203 0.077 0.077 54 67
144 208 0.077 0.077 67 83
159 223 0.077 0.077 83 97
160 224 0.077 0.077 97 100
175 239 0.077 0.077 100 130
180 244 0.077 0.077 130 131
187 251 0.077 0.077 131 135
60 124 0.077 0.077 135 163
51 115 0.077 0.077 163 186
39 103 0.077 0.077 186 255
15 79 0.077 0.077 255 281
140 131 0.073 0.073 40 54
136 135 0.073 0.073 54 67
151 140 0.073 0.073 67 83
152 136 0.073 0.073 83 97
167 151 0.073 0.073 97 100
168 152 0.073 0.073 100 130
183 168 0.073 0.073 130 131
184 183 0.073 0.073 131 135
63 184 0.073 0.073 135 163
48 63 0.073 0.073 163 186
31 48 0.073 0.073 186 255
5 10 0.073 0.073 255 281
140 204 0.087 0.087 40 54
136 200 0.087 0.087 54 67
151 215 0.087 0.087 67 83
152 216 0.087 0.087 83 97
167 231 0.087 0.087 97 100
168 232 0.087 0.087 100 130
183 247 0.087 0.087 130 131
184 248 0.087 0.087 131 135
63 127 0.087 0.087 135 163
48 112 0.087 0.087 163 186
31 95 0.087 0.087 186 255
5 69 0.087 0.087 255 281
135 199 0.091 0.091 130 131
136 200 0.091 0.091 131 135
152 216 0.091 0.091 135 135
167 231 0.091 0.091 135 163
179 243 0.091 0.091 163 174
183 247 0.091 0.091 174 174
188 252 0.091 0.091 174 186
59 123 0.091 0.091 186 198
63 127 0.091 0.091 198 200
52 116 0.091 0.091 200 255
17 81 0.091 0.091 255 278
199 131 0.065 0.065 130 131
200 140 0.065 0.065 131 135
216 151 0.065 0.065 135 135
231 152 0.065 0.065 135 163
243 168 0.065 0.065 163 174
247 179 0.065 0.065 174 174
252 183 0.065 0.065 174 186
123 184 0.065 0.065 186 198
127 59 0.065 0.065 198 200
116 63 0.065 0.065 200 255
81 24 0.065 0.065 255 278
199 130 0.063 0.063 130 131
200 141 0.063 0.063 131 135
216 150 0.063 0.063 135 135
231 153 0.063 0.063 135 163
243 169 0.063 0.063 163 174
247 178 0.063 0.063 174 174
252 182 0.063 0.063 174 186
123 185 0.063 0.063 186 198
127 58 0.063 0.063 198 200
116 62 0.063 0.063 200 255
81 32 0.063 0.063 255 278
135 130 0.082 0.082 130 131
136 141 0.082 0.082 131 135
152 150 0.082 0.082 135 135
167 153 0.082 0.082 135 163
179 169 0.082 0.082 163 174
183 178 0.082 0.082 174 174
188 182 0.082 0.082 174 186
59 185 0.082 0.082 186 198
63 58 0.082 0.082 198 200
52 62 0.082 0.082 200 255
17 32 0.082 0.082 255 278
131 133 0.066 0.066 130 131
140 138 0.066 0.066 131 135
151 158 0.066 0.066 135 135
152 161 0.066 0.066 135 163
168 177 0.066 0.066 163 174
179 181 0.066 0.066 174 174
183 190 0.066 0.066 174 186
184 57 0.066 0.066 186 198
59 61 0.066 0.066 198 200
63 54 0.066 0.066 200 255
24 23 0.066 0.066 255 278
131 134 0.054 0.054 130 131
140 137 0.054 0.054 131 135
151 153 0.054 0.054 135 135
152 166 0.054 0.054 135 163
168 178 0.054 0.054 163 174
179 182 0.054 0.054 174 174
183 189 0.054 0.054 174 186
184 58 0.054 0.054 186 198
59 62 0.054 0.054 198 200
63 53 0.054 0.054 200 255
24 22 0.054 0.054 255 278
133 143 0.069 0.069 130 131
138 144 0.069 0.069 131 135
158 160 0.069 0.069 135 135
161 175 0.069 0.069 135 163
177 180 0.069 0.069 163 174
181 191 0.069 0.069 174 174
190 187 0.069 0.069 174 186
57 60 0.069 0.069 186 198
61 55 0.069 0.069 198 200
54 51 0.069 0.069 200 255
23 16 0.069 0.069 255 278
133 197 0.083 0.083 130 131
138 202 0.083 0.083 131 135
158 222 0.083 0.083 135 135
161 225 0.083 0.083 135 163
177 241 0.083 0.083 163 174
181 245 0.083 0.083 174 174
190 254 0.083 0.083 174 186
57 121 0.083 0.083 186 198
61 125 0.083 0.083 198 200
54 118 0.083 0.083 200 255
23 87 0.083 0.083 255 278
143 207 0.095 0.095 130 131
144 208 0.095 0.095 131 135
160 224 0.095 0.095 135 135
175 239 0.095 0.095 135 163
180 244 0.095 0.095 163 174
191 255 0.095 0.095 174 174
187 251 0.095 0.095 174 186
60 124 0.095 0.095 186 198
55 119 0.095 0.095 198 200
51 115 0.095 0.095 200 255
16 80 0.095 0.095 255 278
197 207 0.087 0.087 130 131
202 208 0.087 0.087 131 135
222 224 0.087 0.087 135 135
225 239 0.087 0.087 135 163
241 244 0.087 0.087 163 174
245 255 0.087 0.087 174 174
254 251 0.087 0.087 174 186
121 124 0.087 0.087 186 198
125 119 0.087 0.087 198 200
118 115 0.087 0.087 200 255
87 80 0.087 0.087 255 278
130 132 0.052 0.052 130 131
141 139 0.052 0.052 131 135
150 159 0.052 0.052 135 135
153 160 0.052 0.052 135 163
169 176 0.052 0.052 163 174
178 180 0.052 0.052 174 174
182 191 0.052 0.052 174 186
185 56 0.052 0.052 186 198
58 60 0.052 0.052 198 200
62 55 0.052 0.052 200 255
32 31 0.052 0.052 255 278
207 195 0.063 0.063 130 131
208 204 0.063 0.063 131 135
224 215 0.063 0.063 135 135
239 216 0.063 0.063 135 163
244 232 0.063 0.063 163 174
255 243 0.063 0.063 174 174
251 247 0.063 0.063 174 186
124 248 0.063 0.063 186 198
119 123 0.063 0.063 198 200
115 127 0.063 0.063 200 255
80 88 0.063 0.063 255 278
197 142 0.065 0.065 130 131
202 145 0.065 0.065 131 135
222 161 0.065 0.065 135 135
225 174 0.065 0.065 135 163
241 181 0.065 0.065 163 174
245 190 0.065 0.065 174 174
254 186 0.065 0.065 174 186
121 61 0.065 0.065 186 198
125 54 0.065 0.065 198 200
118 50 0.065 0.065 200 255
87 8 0.065 0.065 255 278
130 142 0.086 0.086 130 131
141 145 0.086 0.086 131 135
150 161 0.086 0.086 135 135
153 174 0.086 0.086 135 163
169 181 0.086 0.086 163 174
178 190 0.086 0.086 174 174
182 186 0.086 0.086 174 186
185 61 0.086 0.086 186 198
58 54 0.086 0.086 198 200
62 50 0.086 0.086 200 255
32 8 0.086 0.086 255 278
143 142 0.067 0.067 130 131
144 145 0.067 0.067 131 135
160 161 0.067 0.067 135 135
175 174 0.067 0.067 135 163
180 181 0.067 0.067 163 174
191 190 0.067 0.067 174 174
187 186 0.067 0.067 174 186
60 61 0.067 0.067 186 198
55 54 0.067 0.067 198 200
51 50 0.067 0.067 200 255
16 8 0.067 0.067 255 278
134 198 0.084 0.084 130 131
137 201 0.084 0.084 131 135
153 217 0.084 0.084 135 135
166 230 0.084 0.084 135 163
178 242 0.084 0.084 163 174
182 246 0.084 0.084 174 174
189 253 0.084 0.084 174 186
58 122 0.084 0.084 186 198
62 126 0.084 0.084 198 200
53 117 0.084 0.084 200 255
22 86 0.084 0.084 255 278
142 206 0.098 0.098 130 131
145 209 0.098 0.098 131 135
161 225 0.098 0.098 135 135
174 238 0.098 0.098 135 163
181 245 0.098 0.098 163 174
190 254 0.098 0.098 174 174
186 250 0.098 0.098 174 186
61 125 0.098 0.098 186 198
54 118 0.098 0.098 198 200
50 114 0.098 0.098 200 255
8 72 0.098 0.098 255 278
132 196 0.061 0.061 130 131
139 203 0.061 0.061 131 135
159 223 0.061 0.061 135 135
160 224 0.061 0.061 135 163
176 240 0.061 0.061 163 174
180 244 0.061 0.061 174 174
191 255 0.061 0.061 174 186
56 120 0.061 0.061 186 198
60 124 0.061 0.061 198 200
55 119 0.061 0.061 200 255
31 95 0.061 0.061 255 278
153 160 0.083 0.083 0 40
181 183 0.083 0.083 40 54
153 161 0.091 0.091 0 40
181 191 0.091 0.091 40 54
160 224 0.085 0.085 0 40
183 247 0.085 0.085 40 54
224 225 0.088 0.088 0 40
247 255 0.088 0.088 40 54
161 225 0.098 0.098 0 40
191 255 0.098 0.098 40 54
225 216 0.068 0.068 0 40
255 246 0.068 0.068 40 54
225 152 0.079 0.079 0 40
255 182 0.079 0.079 40 54
134 140 0.064 0.064 255 256
137 151 0.064 0.064 256 261
153 167 0.064 0.064 261 277
166 168 0.064 0.064 277 278
178 183 0.064 0.064 278 281
57 62 0.064 0.064 281 297
54 49 0.064 0.064 297 327
41 24 0.064 0.064 327 335
22 10 0.064 0.064 335 391
13 5 0.064 0.064 391 500
134 198 0.072 0.072 255 256
137 201 0.072 0.072 256 261
153 217 0.072 0.072 261 277
166 230 0.072 0.072 277 278
178 242 0.072 0.072 278 281
57 121 0.072 0.072 281 297
54 118 0.072 0.072 297 327
41 105 0.072 0.072 327 335
22 86 0.072 0.072 335 391
13 77 0.072 0.072 391 500
140 204 0.091 0.091 255 256
151 215 0.091 0.091 256 261
167 231 0.091 0.091 261 277
168 232 0.091 0.091 277 278
183 247 0.091 0.091 278 281
62 126 0.091 0.091 281 297
49 113 0.091 0.091 297 327
24 88 0.091 0.091 327 335
10 74 0.091 0.091 335 391
5 69 0.091 0.091 391 500
198 135 0.058 0.058 255 256
201 136 0.058 0.058 256 261
217 152 0.058 0.058 261 277
230 167 0.058 0.058 277 278
242 179 0.058 0.058 278 281
121 58 0.058 0.058 281 297
118 53 0.058 0.058 297 327
105 46 0.058 0.058 327 335
86 17 0.058 0.058 335 391
77 14 0.058 0.058 391 500
198 133 0.071 0.071 255 256
201 138 0.071 0.071 256 261
217 158 0.071 0.071 261 277
230 161 0.071 0.071 277 278
242 177 0.071 0.071 278 281
121 56 0.071 0.071 281 297
118 55 0.071 0.071 297 327
105 40 0.071 0.071 327 335
86 23 0.071 0.071 335 391
77 12 0.071 0.071 391 500
140 133 0.053 0.053 255 256
151 138 0.053 0.053 256 261
167 158 0.053 0.053 261 277
168 161 0.053 0.053 277 278
183 177 0.053 0.053 278 281
62 56 0.053 0.053 281 297
49 55 0.053 0.053 297 327
24 40 0.053 0.053 327 335
10 23 0.053 0.053 335 391
5 12 0.053 0.053 391 500
204 133 0.068 0.068 255 256
215 138 0.068 0.068 256 261
231 158 0.068 0.068 261 277
232 161 0.068 0.068 277 278
247 177 0.068 0.068 278 281
126 56 0.068 0.068 281 297
113 55 0.068 0.068 297 327
88 40 0.068 0.068 327 335
74 23 0.068 0.068 335 391
69 12 0.068 0.068 391 500
135 199 0.079 0.079 255 256
136 200 0.079 0.079 256 261
152 216 0.079 0.079 261 277
167 231 0.079 0.079 277 278
179 243 0.079 0.079 278 281
58 122 0.079 0.079 281 297
53 117 0.079 0.079 297 327
46 110 0.079 0.079 327 335
17 81 0.079 0.079 335 391
14 78 0.079 0.079 391 500
204 199 0.056 0.056 255 256
215 200 0.056 0.056 256 261
231 216 0.056 0.056 261 277
232 231 0.056 0.056 277 278
247 243 0.056 0.056 278 281
126 122 0.056 0.056 281 297
113 117 0.056 0.056 297 327
88 110 0.056 0.056 327 335
74 81 0.056 0.056 335 391
69 78 0.056 0.056 391 500
133 197 0.064 0.064 255 256
138 202 0.064 0.064 256 261
158 222 0.064 0.064 261 277
161 225 0.064 0.064 277 278
177 241 0.064 0.064 278 281
56 120 0.064 0.064 281 297
55 119 0.064 0.064 297 327
40 104 0.064 0.064 327 335
23 87 0.064 0.064 335 391
12 76 0.064 0.064 391 500
199 197 0.053 0.053 255 256
200 202 0.053 0.053 256 261
216 222 0.053 0.053 261 277
231 225 0.053 0.053 277 278
243 241 0.053 0.053 278 281
122 120 0.053 0.053 281 297
117 119 0.053 0.053 297 327
110 104 0.053 0.053 327 335
81 87 0.053 0.053 335 391
78 76 0.053 0.053 391 500
133 136 0.058 0.058 255 256
138 152 0.058 0.058 256 261
158 168 0.058 0.058 261 277
161 179 0.058 0.058 277 278
177 188 0.058 0.058 278 281
56 53 0.058 0.058 281 297
55 46 0.058 0.058 297 327
40 17 0.058 0.058 327 335
23 14 0.058 0.058 335 391
12 1 0.058 0.058 391 500
199 136 0.067 0.067 255 256
200 152 0.067 0.067 256 261
216 168 0.067 0.067 261 277
231 179 0.067 0.067 277 278
243 188 0.067 0.067 278 281
122 53 0.067 0.067 281 297
117 46 0.067 0.067 297 327
110 17 0.067 0.067 327 335
81 14 0.067 0.067 335 391
78 1 0.067 0.067 391 500
135 136 0.08 0.08 255 256
136 152 0.08 0.08 256 261
152 168 0.08 0.08 261 277
167 179 0.08 0.08 277 278
179 188 0.08 0.08 278 281
58 53 0.08 0.08 281 297
53 46 0.08 0.08 297 327
46 17 0.08 0.08 327 335
17 14 0.08 0.08 335 391
14 1 0.08 0.08 391 500
197 136 0.054 0.054 255 256
202 152 0.054 0.054 256 261
222 168 0.054 0.054 261 277
225 179 0.054 0.054 277 278
241 188 0.054 0.054 278 281
120 53 0.054 0.054 281 297
119 46 0.054 0.054 297 327
104 17 0.054 0.054 327 335
87 14 0.054 0.054 335 391
76 1 0.054 0.054 391 500
136 143 0.084 0.084 255 256
152 144 0.084 0.084 256 261
168 160 0.084 0.084 261 277
179 175 0.084 0.084 277 278
188 180 0.084 0.084 278 281
53 59 0.084 0.084 281 297
46 52 0.084 0.084 297 327
17 47 0.084 0.084 327 335
14 16 0.084 0.084 335 391
1 15 0.084 0.084 391 500
197 143 0.051 0.051 255 256
202 144 0.051 0.051 256 261
222 160 0.051 0.051 261 277
225 175 0.051 0.051 277 278
241 180 0.051 0.051 278 281
120 59 0.051 0.051 281 297
119 52 0.051 0.051 297 327
104 47 0.051 0.051 327 335
87 16 0.051 0.051 335 391
76 15 0.051 0.051 391 500
143 200 0.083 0.083 255 256
144 216 0.083 0.083 256 261
160 232 0.083 0.083 261 277
175 243 0.083 0.083 277 278
180 252 0.083 0.083 278 281
59 117 0.083 0.083 281 297
52 110 0.083 0.083 297 327
47 81 0.083 0.083 327 335
16 78 0.083 0.083 335 391
15 65 0.083 0.083 391 500
136 200 0.099 0.099 255 256
152 216 0.099 0.099 256 261
168 232 0.099 0.099 261 277
179 243 0.099 0.099 277 278
188 252 0.099 0.099 278 281
53 117 0.099 0.099 281 297
46 110 0.099 0.099 297 327
17 81 0.099 0.099 327 335
14 78 0.099 0.099 335 391
1 65 0.099 0.099 391 500
200 144 0.097 0.097 255 256
216 160 0.097 0.097 256 261
232 176 0.097 0.097 261 277
243 180 0.097 0.097 277 278
252 187 0.097 0.097 278 281
117 52 0.097 0.097 281 297
110 47 0.097 0.097 297 327
81 16 0.097 0.097 327 335
78 15 0.097 0.097 335 391
65 0 0.097 0.097 391 500
200 132 0.096 0.096 255 256
216 139 0.096 0.096 256 261
232 159 0.096 0.096 261 277
243 160 0.096 0.096 277 278
252 176 0.096 0.096 278 281
117 184 0.096 0.096 281 297
110 63 0.096 0.096 297 327
81 48 0.096 0.096 327 335
78 31 0.096 0.096 335 391
65 11 0.096 0.096 391 500
144 195 0.082 0.082 255 256
160 204 0.082 0.082 256 261
176 215 0.082 0.082 261 277
180 216 0.082 0.082 277 278
187 232 0.082 0.082 278 281
52 249 0.082 0.082 281 297
47 126 0.082 0.082 297 327
16 113 0.082 0.082 327 335
15 88 0.082 0.082 335 391
0 74 0.082 0.082 391 500
143 207 0.083 0.083 255 256
144 208 0.083 0.083 256 261
160 224 0.083 0.083 261 277
175 239 0.083 0.083 277 278
180 244 0.083 0.083 278 281
59 123 0.083 0.083 281 297
52 116 0.083 0.083 297 327
47 111 0.083 0.083 327 335
16 80 0.083 0.083 335 391
15 79 0.083 0.083 391 500
195 207 0.058 0.058 255 256
204 208 0.058 0.058 256 261
215 224 0.058 0.058 261 277
216 239 0.058 0.058 277 278
232 244 0.058 0.058 278 281
249 123 0.058 0.058 281 297
126 116 0.058 0.058 297 327
113 111 0.058 0.058 327 335
88 80 0.058 0.058 335 391
74 79 0.058 0.058 391 500
207 208 0.058 0.058 255 256
208 224 0.058 0.058 256 261
224 240 0.058 0.058 261 277
239 244 0.058 0.058 277 278
244 251 0.058 0.058 278 281
123 116 0.058 0.058 281 297
116 111 0.058 0.058 297 327
111 80 0.058 0.058 327 335
80 79 0.058 0.058 335 391
79 64 0.058 0.058 391 500
195 208 0.068 0.068 255 256
204 224 0.068 0.068 256 261
215 240 0.068 0.068 261 277
216 244 0.068 0.068 277 278
232 251 0.068 0.068 278 281
249 116 0.068 0.068 281 297
126 111 0.068 0.068 297 327
113 80 0.068 0.068 327 335
88 79 0.068 0.068 335 391
74 64 0.068 0.068 391 500
132 208 0.087 0.087 255 256
139 224 0.087 0.087 256 261
159 240 0.087 0.087 261 277
160 244 0.087 0.087 277 278
176 251 0.087 0.087 278 281
184 116 0.087 0.087 281 297
63 111 0.087 0.087 297 327
48 80 0.087 0.087 327 335
31 79 0.087 0.087 335 391
11 64 0.087 0.087 391 500
144 208 0.099 0.099 255 256
160 224 0.099 0.099 256 261
176 240 0.099 0.099 261 277
180 244 0.099 0.099 277 278
187 251 0.099 0.099 278 281
52 116 0.099 0.099 281 297
47 111 0.099 0.099 297 327
16 80 0.099 0.099 327 335
15 79 0.099 0.099 335 391
0 64 0.099 0.099 391 500
208 141 0.06 0.06 255 256
224 150 0.06 0.06 256 261
240 166 0.06 0.06 261 277
244 169 0.06 0.06 277 278
251 182 0.06 0.06 278 281
116 61 0.06 0.06 281 297
111 50 0.06 0.06 297 327
80 32 0.06 0.06 327 335
79 9 0.06 0.06 335 391
64 6 0.06 0.06 391 500
132 141 0.084 0.084 255 256
139 150 0.084 0.084 256 261
159 166 0.084 0.084 261 277
160 169 0.084 0.084 277 278
176 182 0.084 0.084 278 281
184 61 0.084 0.084 281 297
63 50 0.084 0.084 297 327
48 32 0.084 0.084 327 335
31 9 0.084 0.084 335 391
11 6 0.084 0.084 391 500
207 141 0.074 0.074 255 256
208 150 0.074 0.074 256 261
224 166 0.074 0.074 261 277
239 169 0.074 0.074 277 278
244 182 0.074 0.074 278 281
123 61 0.074 0.074 281 297
116 50 0.074 0.074 297 327
111 32 0.074 0.074 327 335
80 9 0.074 0.074 335 391
79 6 0.074 0.074 391 500
141 205 0.087 0.087 255 256
150 214 0.087 0.087 256 261
166 230 0.087 0.087 261 277
169 233 0.087 0.087 277 278
182 246 0.087 0.087 278 281
61 125 0.087 0.087 281 297
50 114 0.087 0.087 297 327
32 96 0.087 0.087 327 335
9 73 0.087 0.087 335 391
6 70 0.087 0.087 391 500
208 205 0.09 0.09 255 256
224 214 0.09 0.09 256 261
240 230 0.09 0.09 261 277
244 233 0.09 0.09 277 278
251 246 0.09 0.09 278 281
116 125 0.09 0.09 281 297
111 114 0.09 0.09 297 327
80 96 0.09 0.09 327 335
79 73 0.09 0.09 335 391
64 70 0.09 0.09 391 500
141 137 0.078 0.078 255 256
150 153 0.078 0.078 256 261
166 169 0.078 0.078 261 277
169 178 0.078 0.078 277 278
182 189 0.078 0.078 278 281
61 54 0.078 0.078 281 297
50 41 0.078 0.078 297 327
32 22 0.078 0.078 327 335
9 13 0.078 0.078 335 391
6 2 0.078 0.078 391 500
205 137 0.053 0.053 255 256
214 153 0.053 0.053 256 261
230 169 0.053 0.053 261 277
233 178 0.053 0.053 277 278
246 189 0.053 0.053 278 281
125 54 0.053 0.053 281 297
114 41 0.053 0.053 297 327
96 22 0.053 0.053 327 335
73 13 0.053 0.053 335 391
70 2 0.053 0.053 391 500
137 201 0.098 0.098 255 256
153 217 0.098 0.098 256 261
169 233 0.098 0.098 261 277
178 242 0.098 0.098 277 278
189 253 0.098 0.098 278 281
54 118 0.098 0.098 281 297
41 105 0.098 0.098 297 327
22 86 0.098 0.098 327 335
13 77 0.098 0.098 335 391
2 66 0.098 0.098 391 500
205 131 0.078 0.078 255 256
214 140 0.078 0.078 256 261
230 151 0.078 0.078 261 277
233 152 0.078 0.078 277 278
246 168 0.078 0.078 278 281
125 185 0.078 0.078 281 297
114 62 0.078 0.078 297 327
96 49 0.078 0.078 327 335
73 24 0.078 0.078 335 391
70 10 0.078 0.078 391 500
137 196 0.086 0.086 255 256
153 203 0.086 0.086 256 261
169 223 0.086 0.086 261 277
178 224 0.086 0.086 277 278
189 240 0.086 0.086 278 281
54 248 0.086 0.086 281 297
41 127 0.086 0.086 297 327
22 112 0.086 0.086 327 335
13 95 0.086 0.086 335 391
2 75 0.086 0.086 391 500
196 138 0.095 0.095 255 256
203 158 0.095 0.095 256 261
223 174 0.095 0.095 261 277
224 177 0.095 0.095 277 278
240 190 0.095 0.095 278 281
248 55 0.095 0.095 281 297
127 40 0.095 0.095 297 327
112 23 0.095 0.095 327 335
95 12 0.095 0.095 335 391
75 3 0.095 0.095 391 500
201 130 0.087 0.087 255 256
217 141 0.087 0.087 256 261
233 150 0.087 0.087 261 277
242 153 0.087 0.087 277 278
253 169 0.087 0.087 278 281
118 186 0.087 0.087 281 297
105 61 0.087 0.087 297 327
86 50 0.087 0.087 327 335
77 32 0.087 0.087 335 391
66 9 0.087 0.087 391 500
201 202 0.087 0.087 255 256
217 222 0.087 0.087 256 261
233 238 0.087 0.087 261 277
242 241 0.087 0.087 277 278
253 254 0.087 0.087 278 281
118 119 0.087 0.087 281 297
105 104 0.087 0.087 297 327
86 87 0.087 0.087 327 335
77 76 0.087 0.087 335 391
66 67 0.087 0.087 391 500
138 202 0.097 0.097 255 256
158 222 0.097 0.097 256 261
174 238 0.097 0.097 261 277
177 241 0.097 0.097 277 278
190 254 0.097 0.097 278 281
55 119 0.097 0.097 281 297
40 104 0.097 0.097 297 327
23 87 0.097 0.097 327 335
12 76 0.097 0.097 335 391
3 67 0.097 0.097 391 500
130 202 0.077 0.077 255 256
141 222 0.077 0.077 256 261
150 238 0.077 0.077 261 277
153 241 0.077 0.077 277 278
169 254 0.077 0.077 278 281
186 119 0.077 0.077 281 297
61 104 0.077 0.077 297 327
50 87 0.077 0.077 327 335
32 76 0.077 0.077 335 391
9 67 0.077 0.077 391 500
138 142 0.073 0.073 255 256
158 145 0.073 0.073 256 261
174 161 0.073 0.073 261 277
177 174 0.073 0.073 277 278
190 181 0.073 0.073 278 281
55 60 0.073 0.073 281 297
40 51 0.073 0.073 297 327
23 39 0.073 0.073 327 335
12 8 0.073 0.073 335 391
3 7 0.073 0.073 391 500
196 142 0.082 0.082 255 256
203 145 0.082 0.082 256 261
223 161 0.082 0.082 261 277
224 174 0.082 0.082 277 278
240 181 0.082 0.082 278 281
248 60 0.082 0.082 281 297
127 51 0.082 0.082 297 327
112 39 0.082 0.082 327 335
95 8 0.082 0.082 335 391
75 7 0.082 0.082 391 500
130 139 0.06 0.06 255 256
141 159 0.06 0.06 256 261
150 175 0.06 0.06 261 277
153 176 0.06 0.06 277 278
169 191 0.06 0.06 278 281
186 63 0.06 0.06 281 297
61 48 0.06 0.06 297 327
50 31 0.06 0.06 327 335
32 11 0.06 0.06 335 391
9 4 0.06 0.06 391 500
142 139 0.082 0.082 255 256
145 159 0.082 0.082 256 261
161 175 0.082 0.082 261 277
174 176 0.082 0.082 277 278
181 191 0.082 0.082 278 281
60 63 0.082 0.082 281 297
51 48 0.082 0.082 297 327
39 31 0.082 0.082 327 335
8 11 0.082 0.082 335 391
7 4 0.082 0.082 391 500
131 139 0.082 0.082 255 256
140 159 0.082 0.082 256 261
151 175 0.082 0.082 261 277
152 176 0.082 0.082 277 278
168 191 0.082 0.082 278 281
185 63 0.082 0.082 281 297
62 48 0.082 0.082 297 327
49 31 0.082 0.082 327 335
24 11 0.082 0.082 335 391
10 4 0.082 0.082 391 500
202 139 0.096 0.096 255 256
222 159 0.096 0.096 256 261
238 175 0.096 0.096 261 277
241 176 0.096 0.096 277 278
254 191 0.096 0.096 278 281
119 63 0.096 0.096 281 297
104 48 0.096 0.096 297 327
87 31 0.096 0.096 327 335
76 11 0.096 0.096 335 391
67 4 0.096 0.096 391 500
142 206 0.083 0.083 255 256
145 209 0.083 0.083 256 261
161 225 0.083 0.083 261 277
174 238 0.083 0.083 277 278
181 245 0.083 0.083 278 281
60 124 0.083 0.083 281 297
51 115 0.083 0.083 297 327
39 103 0.083 0.083 327 335
8 72 0.083 0.083 335 391
7 71 0.083 0.083 391 500
139 203 0.091 0.091 255 256
159 223 0.091 0.091 256 261
175 239 0.091 0.091 261 277
176 240 0.091 0.091 277 278
191 255 0.091 0.091 278 281
63 127 0.091 0.091 281 297
48 112 0.091 0.091 297 327
31 95 0.091 0.091 327 335
11 75 0.091 0.091 335 391
4 68 0.091 0.091 391 500
139 194 0.062 0.062 255 256
159 205 0.062 0.062 256 261
175 214 0.062 0.062 261 277
176 217 0.062 0.062 277 278
191 233 0.062 0.062 278 281
63 250 0.062 0.062 281 297
48 125 0.062 0.062 297 327
31 114 0.062 0.062 327 335
11 96 0.062 0.062 335 391
4 73 0.062 0.062 391 500
150 159 0.052 0.052 0 40
177 179 0.052 0.052 40 54
181 183 0.052 0.052 54 67
190 188 0.052 0.052 67 83
186 184 0.052 0.052 83 97
159 223 0.071 0.071 0 40
179 243 0.071 0.071 40 54
183 247 0.071 0.071 54 67
188 252 0.071 0.071 67 83
184 248 0.071 0.071 83 97
223 214 0.065 0.065 0 40
243 241 0.065 0.065 40 54
247 245 0.065 0.065 54 67
252 254 0.065 0.065 67 83
248 250 0.065 0.065 83 97
223 151 0.05 0.05 0 40
243 178 0.05 0.05 40 54
247 182 0.05 0.05 54 67
252 189 0.05 0.05 67 83
248 185 0.05 0.05 83 97
214 158 0.071 0.071 0 40
241 180 0.071 0.071 40 54
245 191 0.071 0.071 54 67
254 187 0.071 0.071 67 83
250 56 0.071 0.071 83 97
150 158 0.06 0.06 0 40
177 180 0.06 0.06 40 54
181 191 0.06 0.06 54 67
190 187 0.06 0.06 67 83
186 56 0.06 0.06 83 97
159 158 0.056 0.056 0 40
179 180 0.056 0.056 40 54
183 191 0.056 0.056 54 67
188 187 0.056 0.056 67 83
184 56 0.056 0.056 83 97
151 215 0.056 0.056 0 40
178 242 0.056 0.056 40 54
182 246 0.056 0.056 54 67
189 253 0.056 0.056 67 83
185 249 0.056 0.056 83 97
158 222 0.08 0.08 0 40
180 244 0.08 0.08 40 54
191 255 0.08 0.08 54 67
187 251 0.08 0.08 67 83
56 120 0.08 0.08 83 97
142 206 0.083 0.083 281 297
159 223 0.083 0.083 297 327
175 239 0.083 0.083 327 335
180 244 0.083 0.083 335 380
187 251 0.083 0.083 380 391
60 124 0.083 0.083 391 405
51 115 0.083 0.083 405 439
39 103 0.083 0.083 439 500
15 79 0.083 0.083 500 530
142 138 0.094 0.094 281 297
159 160 0.094 0.094 297 327
175 176 0.094 0.094 327 335
180 191 0.094 0.094 335 380
187 56 0.094 0.094 380 391
60 55 0.094 0.094 391 405
51 40 0.094 0.094 405 439
39 23 0.094 0.094 439 500
15 4 0.094 0.094 500 530
138 136 0.075 0.075 281 297
160 166 0.075 0.075 297 327
176 178 0.075 0.075 327 335
191 189 0.075 0.075 335 380
56 58 0.075 0.075 380 391
55 53 0.075 0.075 391 405
40 46 0.075 0.075 405 439
23 17 0.075 0.075 439 500
4 2 0.075 0.075 500 530
136 135 0.067 0.067 281 297
166 150 0.067 0.067 297 327
178 166 0.067 0.067 327 335
189 178 0.067 0.067 335 380
58 189 0.067 0.067 380 391
53 58 0.067 0.067 391 405
46 53 0.067 0.067 405 439
17 46 0.067 0.067 439 500
2 13 0.067 0.067 500 530
136 200 0.098 0.098 281 297
166 230 0.098 0.098 297 327
178 242 0.098 0.098 327 335
189 253 0.098 0.098 335 380
58 122 0.098 0.098 380 391
53 117 0.098 0.098 391 405
46 110 0.098 0.098 405 439
17 81 0.098 0.098 439 500
2 66 0.098 0.098 500 530
200 130 0.096 0.096 281 297
230 138 0.096 0.096 297 327
242 158 0.096 0.096 327 335
253 174 0.096 0.096 335 380
122 181 0.096 0.096 380 391
117 186 0.096 0.096 391 405
110 61 0.096 0.096 405 439
81 50 0.096 0.096 439 500
66 8 0.096 0.096 500 530
200 139 0.081 0.081 281 297
230 152 0.081 0.081 297 327
242 168 0.081 0.081 327 335
253 183 0.081 0.081 335 380
122 184 0.081 0.081 380 391
117 63 0.081 0.081 391 405
110 48 0.081 0.081 405 439
81 31 0.081 0.081 439 500
66 5 0.081 0.081 500 530
135 202 0.091 0.091 281 297
150 224 0.091 0.091 297 327
166 240 0.091 0.091 327 335
178 255 0.091 0.091 335 380
189 120 0.091 0.091 380 391
58 119 0.091 0.091 391 405
53 104 0.091 0.091 405 439
46 87 0.091 0.091 439 500
13 68 0.091 0.091 500 530
139 202 0.064 0.064 281 297
152 224 0.064 0.064 297 327
168 240 0.064 0.064 327 335
183 255 0.064 0.064 335 380
184 120 0.064 0.064 380 391
63 119 0.064 0.064 391 405
48 104 0.064 0.064 405 439
31 87 0.064 0.064 439 500
5 68 0.064 0.064 500 530
206 202 0.075 0.075 281 297
223 224 0.075 0.075 297 327
239 240 0.075 0.075 327 335
244 255 0.075 0.075 335 380
251 120 0.075 0.075 380 391
124 119 0.075 0.075 391 405
115 104 0.075 0.075 405 439
103 87 0.075 0.075 439 500
79 68 0.075 0.075 500 530
138 202 0.096 0.096 281 297
160 224 0.096 0.096 297 327
176 240 0.096 0.096 327 335
191 255 0.096 0.096 335 380
56 120 0.096 0.096 380 391
55 119 0.096 0.096 391 405
40 104 0.096 0.096 405 439
23 87 0.096 0.096 439 500
4 68 0.096 0.096 500 530
135 199 0.056 0.056 281 297
150 214 0.056 0.056 297 327
166 230 0.056 0.056 327 335
178 242 0.056 0.056 335 380
189 253 0.056 0.056 380 391
58 122 0.056 0.056 391 405
53 117 0.056 0.056 405 439
46 110 0.056 0.056 439 500
13 77 0.056 0.056 500 530
202 198 0.089 0.089 281 297
224 209 0.089 0.089 297 327
240 225 0.089 0.089 327 335
255 241 0.089 0.089 335 380
120 254 0.089 0.089 380 391
119 121 0.089 0.089 391 405
104 118 0.089 0.089 405 439
87 105 0.089 0.089 439 500
68 76 0.089 0.089 500 530
202 195 0.072 0.072 281 297
224 201 0.072 0.072 297 327
240 217 0.072 0.072 327 335
255 233 0.072 0.072 335 380
120 246 0.072 0.072 380 391
119 249 0.072 0.072 391 405
104 126 0.072 0.072 405 439
87 113 0.072 0.072 439 500
68 73 0.072 0.072 500 530
199 141 0.051 0.051 281 297
214 158 0.051 0.051 297 327
230 174 0.051 0.051 327 335
242 181 0.051 0.051 335 380
253 186 0.051 0.051 380 391
122 61 0.051 0.051 391 405
117 50 0.051 0.051 405 439
110 32 0.051 0.051 439 500
77 7 0.051 0.051 500 530
130 205 0.051 0.051 281 297
138 222 0.051 0.051 297 327
158 238 0.051 0.051 327 335
174 245 0.051 0.051 335 380
181 250 0.051 0.051 380 391
186 125 0.051 0.051 391 405
61 114 0.051 0.051 405 439
50 96 0.051 0.051 439 500
8 71 0.051 0.051 500 530
199 205 0.07 0.07 281 297
214 222 0.07 0.07 297 327
230 238 0.07 0.07 327 335
242 245 0.07 0.07 335 380
253 250 0.07 0.07 380 391
122 125 0.07 0.07 391 405
117 114 0.07 0.07 405 439
110 96 0.07 0.07 439 500
77 71 0.07 0.07 500 530
141 205 0.087 0.087 281 297
158 222 0.087 0.087 297 327
174 238 0.087 0.087 327 335
181 245 0.087 0.087 335 380
186 250 0.087 0.087 380 391
61 125 0.087 0.087 391 405
50 114 0.087 0.087 405 439
32 96 0.087 0.087 439 500
7 71 0.087 0.087 500 530
205 196 0.051 0.051 281 297
222 200 0.051 0.051 297 327
238 216 0.051 0.051 327 335
245 232 0.051 0.051 335 380
250 247 0.051 0.051 380 391
125 248 0.051 0.051 391 405
114 127 0.051 0.051 405 439
96 112 0.051 0.051 439 500
71 74 0.051 0.051 500 530
205 145 0.093 0.093 281 297
222 175 0.093 0.093 297 327
238 180 0.093 0.093 327 335
245 187 0.093 0.093 335 380
250 60 0.093 0.093 380 391
125 51 0.093 0.093 391 405
114 39 0.093 0.093 405 439
96 8 0.093 0.093 439 500
71 0 0.093 0.093 500 530
206 132 0.068 0.068 281 297
223 136 0.068 0.068 297 327
239 152 0.068 0.068 327 335
244 168 0.068 0.068 335 380
251 183 0.068 0.068 380 391
124 184 0.068 0.068 391 405
115 63 0.068 0.068 405 439
103 48 0.068 0.068 439 500
79 10 0.068 0.068 500 530
145 132 0.074 0.074 281 297
175 136 0.074 0.074 297 327
180 152 0.074 0.074 327 335
187 168 0.074 0.074 335 380
60 183 0.074 0.074 380 391
51 184 0.074 0.074 391 405
39 63 0.074 0.074 405 439
8 48 0.074 0.074 439 500
0 10 0.074 0.074 500 530
132 140 0.087 0.087 281 297
136 153 0.087 0.087 297 327
152 169 0.087 0.087 327 335
168 182 0.087 0.087 335 380
183 185 0.087 0.087 380 391
184 62 0.087 0.087 391 405
63 49 0.087 0.087 405 439
48 24 0.087 0.087 439 500
10 6 0.087 0.087 500 530
196 203 0.073 0.073 281 297
200 216 0.073 0.073 297 327
216 232 0.073 0.073 327 335
232 247 0.073 0.073 335 380
247 248 0.073 0.073 380 391
248 127 0.073 0.073 391 405
127 112 0.073 0.073 405 439
112 95 0.073 0.073 439 500
74 69 0.073 0.073 500 530
130 203 0.067 0.067 281 297
138 216 0.067 0.067 297 327
158 232 0.067 0.067 327 335
174 247 0.067 0.067 335 380
181 248 0.067 0.067 380 391
186 127 0.067 0.067 391 405
61 112 0.067 0.067 405 439
50 95 0.067 0.067 439 500
8 69 0.067 0.067 500 530
139 203 0.095 0.095 281 297
152 216 0.095 0.095 297 327
168 232 0.095 0.095 327 335
183 247 0.095 0.095 335 380
184 248 0.095 0.095 380 391
63 127 0.095 0.095 391 405
48 112 0.095 0.095 405 439
31 95 0.095 0.095 439 500
5 69 0.095 0.095 500 530
140 204 0.088 0.088 281 297
153 217 0.088 0.088 297 327
169 233 0.088 0.088 327 335
182 246 0.088 0.088 335 380
185 249 0.088 0.088 380 391
62 126 0.088 0.088 391 405
49 113 0.088 0.088 405 439
24 88 0.088 0.088 439 500
6 70 0.088 0.088 500 530
196 204 0.055 0.055 281 297
200 217 0.055 0.055 297 327
216 233 0.055 0.055 327 335
232 246 0.055 0.055 335 380
247 249 0.055 0.055 380 391
248 126 0.055 0.055 391 405
127 113 0.055 0.055 405 439
112 88 0.055 0.055 439 500
74 70 0.055 0.055 500 530
198 204 0.068 0.068 281 297
209 217 0.068 0.068 297 327
225 233 0.068 0.068 327 335
241 246 0.068 0.068 335 380
254 249 0.068 0.068 380 391
121 126 0.068 0.068 391 405
118 113 0.068 0.068 405 439
105 88 0.068 0.068 439 500
76 70 0.068 0.068 500 530
204 143 0.086 0.086 281 297
217 151 0.086 0.086 297 327
233 167 0.086 0.086 327 335
246 179 0.086 0.086 335 380
249 188 0.086 0.086 380 391
126 59 0.086 0.086 391 405
113 52 0.086 0.086 405 439
88 47 0.086 0.086 439 500
70 14 0.086 0.086 500 530
203 144 0.087 0.087 281 297
216 167 0.087 0.087 297 327
232 179 0.087 0.087 327 335
247 188 0.087 0.087 335 380
248 59 0.087 0.087 380 391
127 52 0.087 0.087 391 405
112 47 0.087 0.087 405 439
95 16 0.087 0.087 439 500
69 1 0.087 0.087 500 530
204 144 0.093 0.093 281 297
217 167 0.093 0.093 297 327
233 179 0.093 0.093 327 335
246 188 0.093 0.093 335 380
249 59 0.093 0.093 380 391
126 52 0.093 0.093 391 405
113 47 0.093 0.093 405 439
88 16 0.093 0.093 439 500
70 1 0.093 0.093 500 530
195 144 0.066 0.066 281 297
201 167 0.066 0.066 297 327
217 179 0.066 0.066 327 335
233 188 0.066 0.066 335 380
246 59 0.066 0.066 380 391
249 52 0.066 0.066 391 405
126 47 0.066 0.066 405 439
113 16 0.066 0.066 439 500
73 1 0.066 0.066 500 530
140 209 0.078 0.078 281 297
153 239 0.078 0.078 297 327
169 244 0.078 0.078 327 335
182 251 0.078 0.078 335 380
185 124 0.078 0.078 380 391
62 115 0.078 0.078 391 405
49 103 0.078 0.078 405 439
24 72 0.078 0.078 439 500
6 64 0.078 0.078 500 530
203 209 0.098 0.098 281 297
216 239 0.098 0.098 297 327
232 244 0.098 0.098 327 335
247 251 0.098 0.098 335 380
248 124 0.098 0.098 380 391
127 115 0.098 0.098 391 405
112 103 0.098 0.098 405 439
95 72 0.098 0.098 439 500
69 64 0.098 0.098 500 530
145 209 0.099 0.099 281 297
175 239 0.099 0.099 297 327
180 244 0.099 0.099 327 335
187 251 0.099 0.099 335 380
60 124 0.099 0.099 380 391
51 115 0.099 0.099 391 405
39 103 0.099 0.099 405 439
8 72 0.099 0.099 439 500
0 64 0.099 0.099 500 530
132 209 0.071 0.071 281 297
136 239 0.071 0.071 297 327
152 244 0.071 0.071 327 335
168 251 0.071 0.071 335 380
183 124 0.071 0.071 380 391
184 115 0.071 0.071 391 405
63 103 0.071 0.071 405 439
48 72 0.071 0.071 439 500
10 64 0.071 0.071 500 530
198 208 0.063 0.063 281 297
209 231 0.063 0.063 297 327
225 243 0.063 0.063 327 335
241 252 0.063 0.063 335 380
254 123 0.063 0.063 380 391
121 116 0.063 0.063 391 405
118 111 0.063 0.063 405 439
105 80 0.063 0.063 439 500
76 65 0.063 0.063 500 530
144 208 0.098 0.098 281 297
167 231 0.098 0.098 297 327
179 243 0.098 0.098 327 335
188 252 0.098 0.098 335 380
59 123 0.098 0.098 380 391
52 116 0.098 0.098 391 405
47 111 0.098 0.098 405 439
16 80 0.098 0.098 439 500
1 65 0.098 0.098 500 530
208 131 0.066 0.066 281 297
231 137 0.066 0.066 297 327
243 153 0.066 0.066 327 335
252 169 0.066 0.066 335 380
123 182 0.066 0.066 380 391
116 185 0.066 0.066 391 405
111 62 0.066 0.066 405 439
80 49 0.066 0.066 439 500
65 9 0.066 0.066 500 530
209 137 0.074 0.074 281 297
239 161 0.074 0.074 297 327
244 177 0.074 0.074 327 335
251 190 0.074 0.074 335 380
124 57 0.074 0.074 380 391
115 54 0.074 0.074 391 405
103 41 0.074 0.074 405 439
72 22 0.074 0.074 439 500
64 3 0.074 0.074 500 530
209 197 0.084 0.084 281 297
239 208 0.084 0.084 297 327
244 224 0.084 0.084 327 335
251 240 0.084 0.084 335 380
124 255 0.084 0.084 380 391
115 120 0.084 0.084 391 405
103 119 0.084 0.084 405 439
72 104 0.084 0.084 439 500
64 75 0.084 0.084 500 530
143 201 0.074 0.074 281 297
151 225 0.074 0.074 297 327
167 241 0.074 0.074 327 335
179 254 0.074 0.074 335 380
188 121 0.074 0.074 380 391
59 118 0.074 0.074 391 405
52 105 0.074 0.074 405 439
47 86 0.074 0.074 439 500
14 67 0.074 0.074 500 530
137 201 0.097 0.097 281 297
161 225 0.097 0.097 297 327
177 241 0.097 0.097 327 335
190 254 0.097 0.097 335 380
57 121 0.097 0.097 380 391
54 118 0.097 0.097 391 405
41 105 0.097 0.097 405 439
22 86 0.097 0.097 439 500
3 67 0.097 0.097 500 530
197 201 0.061 0.061 281 297
208 225 0.061 0.061 297 327
224 241 0.061 0.061 327 335
240 254 0.061 0.061 335 380
255 121 0.061 0.061 380 391
120 118 0.061 0.061 391 405
119 105 0.061 0.061 405 439
104 86 0.061 0.061 439 500
75 67 0.061 0.061 500 530
143 207 0.063 0.063 281 297
151 215 0.063 0.063 297 327
167 231 0.063 0.063 327 335
179 243 0.063 0.063 335 380
188 252 0.063 0.063 380 391
59 123 0.063 0.063 391 405
52 116 0.063 0.063 405 439
47 111 0.063 0.063 439 500
14 78 0.063 0.063 500 530
208 207 0.091 0.091 281 297
231 215 0.091 0.091 297 327
243 231 0.091 0.091 327 335
252 243 0.091 0.091 335 380
123 252 0.091 0.091 380 391
116 123 0.091 0.091 391 405
111 116 0.091 0.091 405 439
80 111 0.091 0.091 439 500
65 78 0.091 0.091 500 530
201 134 0.093 0.093 281 297
225 145 0.093 0.093 297 327
241 161 0.093 0.093 327 335
254 177 0.093 0.093 335 380
121 190 0.093 0.093 380 391
118 57 0.093 0.093 391 405
105 54 0.093 0.093 405 439
86 41 0.093 0.093 439 500
67 12 0.093 0.093 500 530
201 133 0.087 0.087 281 297
225 144 0.087 0.087 297 327
241 160 0.087 0.087 327 335
254 176 0.087 0.087 335 380
121 191 0.087 0.087 380 391
118 56 0.087 0.087 391 405
105 55 0.087 0.087 405 439
86 40 0.087 0.087 439 500
67 11 0.087 0.087 500 530
138 142 0.062 0.062 335 380
160 159 0.062 0.062 380 391
176 175 0.062 0.062 391 405
191 180 0.062 0.062 405 431
56 187 0.062 0.062 431 439
55 60 0.062 0.062 439 500
31 47 0.062 0.062 500 530
4 15 0.062 0.062 530 584
142 206 0.086 0.086 335 380
159 223 0.086 0.086 380 391
175 239 0.086 0.086 391 405
180 244 0.086 0.086 405 431
187 251 0.086 0.086 431 439
60 124 0.086 0.086 439 500
47 111 0.086 0.086 500 530
15 79 0.086 0.086 530 584
206 202 0.068 0.068 335 380
223 224 0.068 0.068 380 391
239 240 0.068 0.068 391 405
244 255 0.068 0.068 405 431
251 120 0.068 0.068 431 439
124 119 0.068 0.068 439 500
111 95 0.068 0.068 500 530
79 68 0.068 0.068 530 584
138 202 0.096 0.096 335 380
160 224 0.096 0.096 380 391
176 240 0.096 0.096 391 405
191 255 0.096 0.096 405 431
56 120 0.096 0.096 431 439
55 119 0.096 0.096 439 500
31 95 0.096 0.096 500 530
4 68 0.096 0.096 530 584
142 202 0.073 0.073 335 380
159 224 0.073 0.073 380 391
175 240 0.073 0.073 391 405
180 255 0.073 0.073 405 431
187 120 0.073 0.073 431 439
60 119 0.073 0.073 439 500
47 95 0.073 0.073 500 530
15 68 0.073 0.073 530 584
206 145 0.052 0.052 335 380
223 175 0.052 0.052 380 391
239 180 0.052 0.052 391 405
244 187 0.052 0.052 405 431
251 60 0.052 0.052 431 439
124 51 0.052 0.052 439 500
111 16 0.052 0.052 500 530
79 0 0.052 0.052 530 584
202 145 0.055 0.055 335 380
224 175 0.055 0.055 380 391
240 180 0.055 0.055 391 405
255 187 0.055 0.055 405 431
120 60 0.055 0.055 431 439
119 51 0.055 0.055 439 500
95 16 0.055 0.055 500 530
68 0 0.055 0.055 530 584
145 209 0.099 0.099 335 380
175 239 0.099 0.099 380 391
180 244 0.099 0.099 391 405
187 251 0.099 0.099 405 431
60 124 0.099 0.099 431 439
51 115 0.099 0.099 439 500
16 80 0.099 0.099 500 530
0 64 0.099 0.099 530 584
202 209 0.05 0.05 335 380
224 239 0.05 0.05 380 391
240 244 0.05 0.05 391 405
255 251 0.05 0.05 405 431
120 124 0.05 0.05 431 439
119 115 0.05 0.05 439 500
95 80 0.05 0.05 500 530
68 64 0.05 0.05 530 584
145 139 0.071 0.071 335 380
175 152 0.071 0.071 380 391
180 168 0.071 0.071 391 405
187 183 0.071 0.071 405 431
60 184 0.071 0.071 431 439
51 63 0.071 0.071 439 500
16 24 0.071 0.071 500 530
0 5 0.071 0.071 530 584
209 139 0.087 0.087 335 380
239 152 0.087 0.087 380 391
244 168 0.087 0.087 391 405
251 183 0.087 0.087 405 431
124 184 0.087 0.087 431 439
115 63 0.087 0.087 439 500
80 24 0.087 0.087 500 530
64 5 0.087 0.087 530 584
139 133 0.088 0.088 335 380
152 144 0.088 0.088 380 391
168 160 0.088 0.088 391 405
183 176 0.088 0.088 405 431
184 191 0.088 0.088 431 439
63 56 0.088 0.088 439 500
24 48 0.088 0.088 500 530
5 11 0.088 0.088 530 584
139 203 0.093 0.093 335 380
152 216 0.093 0.093 380 391
168 232 0.093 0.093 391 405
183 247 0.093 0.093 405 431
184 248 0.093 0.093 431 439
63 127 0.093 0.093 439 500
24 88 0.093 0.093 500 530
5 69 0.093 0.093 530 584
133 137 0.064 0.064 335 380
144 161 0.064 0.064 380 391
160 177 0.064 0.064 391 405
176 190 0.064 0.064 405 431
191 57 0.064 0.064 431 439
56 54 0.064 0.064 439 500
48 23 0.064 0.064 500 530
11 3 0.064 0.064 530 584
209 197 0.054 0.054 335 380
239 208 0.054 0.054 380 391
244 224 0.054 0.054 391 405
251 240 0.054 0.054 405 431
124 255 0.054 0.054 431 439
115 120 0.054 0.054 439 500
80 112 0.054 0.054 500 530
64 75 0.054 0.054 530 584
133 197 0.056 0.056 335 380
144 208 0.056 0.056 380 391
160 224 0.056 0.056 391 405
176 240 0.056 0.056 405 431
191 255 0.056 0.056 431 439
56 120 0.056 0.056 439 500
48 112 0.056 0.056 500 530
11 75 0.056 0.056 530 584
137 197 0.076 0.076 335 380
161 208 0.076 0.076 380 391
177 224 0.076 0.076 391 405
190 240 0.076 0.076 405 431
57 255 0.076 0.076 431 439
54 120 0.076 0.076 439 500
23 112 0.076 0.076 500 530
3 75 0.076 0.076 530 584
197 143 0.076 0.076 335 380
208 151 0.076 0.076 380 391
224 167 0.076 0.076 391 405
240 179 0.076 0.076 405 431
255 188 0.076 0.076 431 439
120 59 0.076 0.076 439 500
112 46 0.076 0.076 500 530
75 14 0.076 0.076 530 584
197 136 0.073 0.073 335 380
208 166 0.073 0.073 380 391
224 178 0.073 0.073 391 405
240 189 0.073 0.073 405 431
255 58 0.073 0.073 431 439
120 53 0.073 0.073 439 500
112 22 0.073 0.073 500 530
75 2 0.073 0.073 530 584
203 131 0.082 0.082 335 380
216 137 0.082 0.082 380 391
232 153 0.082 0.082 391 405
247 169 0.082 0.082 405 431
248 182 0.082 0.082 431 439
127 185 0.082 0.082 439 500
88 50 0.082 0.082 500 530
69 9 0.082 0.082 530 584
136 196 0.052 0.052 335 380
166 200 0.052 0.052 380 391
178 216 0.052 0.052 391 405
189 232 0.052 0.052 405 431
58 247 0.052 0.052 431 439
53 248 0.052 0.052 439 500
22 113 0.052 0.052 500 530
2 74 0.052 0.052 530 584
196 200 0.069 0.069 335 380
200 230 0.069 0.069 380 391
216 242 0.069 0.069 391 405
232 253 0.069 0.069 405 431
247 122 0.069 0.069 431 439
248 117 0.069 0.069 439 500
113 86 0.069 0.069 500 530
74 66 0.069 0.069 530 584
136 200 0.097 0.097 335 380
166 230 0.097 0.097 380 391
178 242 0.097 0.097 391 405
189 253 0.097 0.097 405 431
58 122 0.097 0.097 431 439
53 117 0.097 0.097 439 500
22 86 0.097 0.097 500 530
2 66 0.097 0.097 530 584
131 200 0.066 0.066 335 380
137 230 0.066 0.066 380 391
153 242 0.066 0.066 391 405
169 253 0.066 0.066 405 431
182 122 0.066 0.066 431 439
185 117 0.066 0.066 439 500
50 86 0.066 0.066 500 530
9 66 0.066 0.066 530 584
137 201 0.096 0.096 335 380
161 225 0.096 0.096 380 391
177 241 0.096 0.096 391 405
190 254 0.096 0.096 405 431
57 121 0.096 0.096 431 439
54 118 0.096 0.096 439 500
23 87 0.096 0.096 500 530
3 67 0.096 0.096 530 584
143 201 0.091 0.091 335 380
151 225 0.091 0.091 380 391
167 241 0.091 0.091 391 405
179 254 0.091 0.091 405 431
188 121 0.091 0.091 431 439
59 118 0.091 0.091 439 500
46 87 0.091 0.091 500 530
14 67 0.091 0.091 530 584
200 201 0.076 0.076 335 380
230 225 0.076 0.076 380 391
242 241 0.076 0.076 391 405
253 254 0.076 0.076 405 431
122 121 0.076 0.076 431 439
117 118 0.076 0.076 439 500
86 87 0.076 0.076 500 530
66 67 0.076 0.076 530 584
196 201 0.074 0.074 335 380
200 225 0.074 0.074 380 391
216 241 0.074 0.074 391 405
232 254 0.074 0.074 405 431
247 121 0.074 0.074 431 439
248 118 0.074 0.074 439 500
113 87 0.074 0.074 500 530
74 67 0.074 0.074 530 584
203 141 0.092 0.092 335 380
216 158 0.092 0.092 380 391
232 174 0.092 0.092 391 405
247 181 0.092 0.092 405 431
248 186 0.092 0.092 431 439
127 61 0.092 0.092 439 500
88 39 0.092 0.092 500 530
69 7 0.092 0.092 530 584
141 195 0.052 0.052 335 380
158 201 0.052 0.052 380 391
174 217 0.052 0.052 391 405
181 233 0.052 0.052 405 431
186 246 0.052 0.052 431 439
61 249 0.052 0.052 439 500
39 114 0.052 0.052 500 530
7 73 0.052 0.052 530 584
141 205 0.09 0.09 335 380
158 222 0.09 0.09 380 391
174 238 0.09 0.09 391 405
181 245 0.09 0.09 405 431
186 250 0.09 0.09 431 439
61 125 0.09 0.09 439 500
39 103 0.09 0.09 500 530
7 71 0.09 0.09 530 584
205 207 0.08 0.08 335 380
222 215 0.08 0.08 380 391
238 231 0.08 0.08 391 405
245 243 0.08 0.08 405 431
250 252 0.08 0.08 431 439
125 123 0.08 0.08 439 500
103 110 0.08 0.08 500 530
71 78 0.08 0.08 530 584
143 207 0.084 0.084 335 380
151 215 0.084 0.084 380 391
167 231 0.084 0.084 391 405
179 243 0.084 0.084 405 431
188 252 0.084 0.084 431 439
59 123 0.084 0.084 439 500
46 110 0.084 0.084 500 530
14 78 0.084 0.084 530 584
207 140 0.074 0.074 335 380
215 153 0.074 0.074 380 391
231 169 0.074 0.074 391 405
243 182 0.074 0.074 405 431
252 185 0.074 0.074 431 439
123 62 0.074 0.074 439 500
110 32 0.074 0.074 500 530
78 6 0.074 0.074 530 584
201 140 0.092 0.092 335 380
225 153 0.092 0.092 380 391
241 169 0.092 0.092 391 405
254 182 0.092 0.092 405 431
121 185 0.092 0.092 431 439
118 62 0.092 0.092 439 500
87 32 0.092 0.092 500 530
67 6 0.092 0.092 530 584
200 140 0.05 0.05 335 380
230 153 0.05 0.05 380 391
242 169 0.05 0.05 391 405
253 182 0.05 0.05 405 431
122 185 0.05 0.05 431 439
117 62 0.05 0.05 439 500
86 32 0.05 0.05 500 530
66 6 0.05 0.05 530 584
195 144 0.059 0.059 335 380
201 167 0.059 0.059 380 391
217 179 0.059 0.059 391 405
233 188 0.059 0.059 405 431
246 59 0.059 0.059 431 439
249 52 0.059 0.059 439 500
114 17 0.059 0.059 500 530
73 1 0.059 0.059 530 584
144 208 0.097 0.097 335 380
167 231 0.097 0.097 380 391
179 243 0.097 0.097 391 405
188 252 0.097 0.097 405 431
59 123 0.097 0.097 431 439
52 116 0.097 0.097 439 500
17 81 0.097 0.097 500 530
1 65 0.097 0.097 530 584
131 208 0.066 0.066 335 380
137 231 0.066 0.066 380 391
153 243 0.066 0.066 391 405
169 252 0.066 0.066 405 431
182 123 0.066 0.066 431 439
185 116 0.066 0.066 439 500
50 81 0.066 0.066 500 530
9 65 0.066 0.066 530 584
195 208 0.091 0.091 335 380
201 231 0.091 0.091 380 391
217 243 0.091 0.091 391 405
233 252 0.091 0.091 405 431
246 123 0.091 0.091 431 439
249 116 0.091 0.091 439 500
114 81 0.091 0.091 500 530
73 65 0.091 0.091 530 584
205 208 0.083 0.083 335 380
222 231 0.083 0.083 380 391
238 243 0.083 0.083 391 405
245 252 0.083 0.083 405 431
250 123 0.083 0.083 431 439
125 116 0.083 0.083 439 500
103 81 0.083 0.083 500 530
71 65 0.083 0.083 530 584
140 204 0.091 0.091 335 380
153 217 0.091 0.091 380 391
169 233 0.091 0.091 391 405
182 246 0.091 0.091 405 431
185 249 0.091 0.091 431 439
62 126 0.091 0.091 439 500
32 96 0.091 0.091 500 530
6 70 0.091 0.091 530 584
140 135 0.086 0.086 335 380
153 150 0.086 0.086 380 391
169 166 0.086 0.086 391 405
182 178 0.086 0.086 405 431
185 189 0.086 0.086 431 439
62 58 0.086 0.086 439 500
32 41 0.086 0.086 500 530
6 13 0.086 0.086 530 584
204 132 0.071 0.071 335 380
217 136 0.071 0.071 380 391
233 152 0.071 0.071 391 405
246 168 0.071 0.071 405 431
249 183 0.071 0.071 431 439
126 184 0.071 0.071 439 500
96 49 0.071 0.071 500 530
70 10 0.071 0.071 530 584
208 132 0.087 0.087 335 380
231 136 0.087 0.087 380 391
243 152 0.087 0.087 391 405
252 168 0.087 0.087 405 431
123 183 0.087 0.087 431 439
116 184 0.087 0.087 439 500
81 49 0.087 0.087 500 530
65 10 0.087 0.087 530 584
144 134 0.071 0.071 335 380
167 145 0.071 0.071 380 391
179 161 0.071 0.071 391 405
188 177 0.071 0.071 405 431
59 190 0.071 0.071 431 439
52 57 0.071 0.071 439 500
17 40 0.071 0.071 500 530
1 12 0.071 0.071 530 584
201 134 0.086 0.086 335 380
225 145 0.086 0.086 380 391
241 161 0.086 0.086 391 405
254 177 0.086 0.086 405 431
121 190 0.086 0.086 431 439
118 57 0.086 0.086 439 500
87 40 0.086 0.086 500 530
67 12 0.086 0.086 530 584
204 134 0.086 0.086 335 380
217 145 0.086 0.086 380 391
233 161 0.086 0.086 391 405
246 177 0.086 0.086 405 431
249 190 0.086 0.086 431 439
126 57 0.086 0.086 439 500
96 40 0.086 0.086 500 530
70 12 0.086 0.086 530 584
135 134 0.059 0.059 335 380
150 145 0.059 0.059 380 391
166 161 0.059 0.059 391 405
178 177 0.059 0.059 405 431
189 190 0.059 0.059 431 439
58 57 0.059 0.059 439 500
41 40 0.059 0.059 500 530
13 12 0.059 0.059 530 584
135 199 0.068 0.068 335 380
150 214 0.068 0.068 380 391
166 230 0.068 0.068 391 405
178 242 0.068 0.068 405 431
189 253 0.068 0.068 431 439
58 122 0.068 0.068 439 500
41 105 0.068 0.068 500 530
13 77 0.068 0.068 530 584
134 198 0.063 0.063 335 380
145 209 0.063 0.063 380 391
161 225 0.063 0.063 391 405
177 241 0.063 0.063 405 431
190 254 0.063 0.063 431 439
57 121 0.063 0.063 439 500
40 104 0.063 0.063 500 530
12 76 0.063 0.063 530 584
199 198 0.052 0.052 335 380
214 209 0.052 0.052 380 391
230 225 0.052 0.052 391 405
242 241 0.052 0.052 405 431
253 254 0.052 0.052 431 439
122 121 0.052 0.052 439 500
105 104 0.052 0.052 500 530
77 76 0.052 0.052 530 584
143 207 0.096 0.096 131 135
144 208 0.096 0.096 135 135
159 223 0.096 0.096 135 163
175 239 0.096 0.096 163 174
176 240 0.096 0.096 174 174
180 244 0.096 0.096 174 186
187 251 0.096 0.096 186 198
56 120 0.096 0.096 198 200
60 124 0.096 0.096 200 255
47 111 0.096 0.096 255 256
143 135 0.087 0.087 131 135
144 136 0.087 0.087 135 135
159 151 0.087 0.087 135 163
175 167 0.087 0.087 163 174
176 168 0.087 0.087 174 174
180 179 0.087 0.087 174 186
187 188 0.087 0.087 186 198
56 184 0.087 0.087 198 200
60 59 0.087 0.087 200 255
47 46 0.087 0.087 255 256
207 135 0.068 0.068 131 135
208 136 0.068 0.068 135 135
223 151 0.068 0.068 135 163
239 167 0.068 0.068 163 174
240 168 0.068 0.068 174 174
244 179 0.068 0.068 174 186
251 188 0.068 0.068 186 198
120 184 0.068 0.068 198 200
124 59 0.068 0.068 200 255
111 46 0.068 0.068 255 256
135 133 0.09 0.09 131 135
136 138 0.09 0.09 135 135
151 145 0.09 0.09 135 163
167 161 0.09 0.09 163 174
168 174 0.09 0.09 174 174
179 177 0.09 0.09 174 186
188 190 0.09 0.09 186 198
184 186 0.09 0.09 198 200
59 57 0.09 0.09 200 255
46 40 0.09 0.09 255 256
135 199 0.093 0.093 131 135
136 200 0.093 0.093 135 135
151 215 0.093 0.093 135 163
167 231 0.093 0.093 163 174
168 232 0.093 0.093 174 174
179 243 0.093 0.093 174 186
188 252 0.093 0.093 186 198
184 248 0.093 0.093 198 200
59 123 0.093 0.093 200 255
46 110 0.093 0.093 255 256
207 197 0.068 0.068 131 135
208 202 0.068 0.068 135 135
223 209 0.068 0.068 135 163
239 225 0.068 0.068 163 174
240 238 0.068 0.068 174 174
244 241 0.068 0.068 174 186
251 254 0.068 0.068 186 198
120 250 0.068 0.068 198 200
124 121 0.068 0.068 200 255
111 104 0.068 0.068 255 256
133 197 0.09 0.09 131 135
138 202 0.09 0.09 135 135
145 209 0.09 0.09 135 163
161 225 0.09 0.09 163 174
174 238 0.09 0.09 174 174
177 241 0.09 0.09 174 186
190 254 0.09 0.09 186 198
186 250 0.09 0.09 198 200
57 121 0.09 0.09 200 255
40 104 0.09 0.09 255 256
199 197 0.069 0.069 131 135
200 202 0.069 0.069 135 135
215 209 0.069 0.069 135 163
231 225 0.069 0.069 163 174
232 238 0.069 0.069 174 174
243 241 0.069 0.069 174 186
252 254 0.069 0.069 186 198
248 250 0.069 0.069 198 200
123 121 0.069 0.069 200 255
110 104 0.069 0.069 255 256
197 134 0.072 0.072 131 135
202 137 0.072 0.072 135 135
209 150 0.072 0.072 135 163
225 166 0.072 0.072 163 174
238 169 0.072 0.072 174 174
241 178 0.072 0.072 174 186
254 189 0.072 0.072 186 198
250 185 0.072 0.072 198 200
121 58 0.072 0.072 200 255
104 41 0.072 0.072 255 256
134 131 0.075 0.075 131 135
137 140 0.075 0.075 135 135
150 136 0.075 0.075 135 163
166 152 0.075 0.075 163 174
169 167 0.075 0.075 174 174
178 168 0.075 0.075 174 186
189 183 0.075 0.075 186 198
185 188 0.075 0.075 198 200
58 184 0.075 0.075 200 255
41 49 0.075 0.075 255 256
197 131 0.055 0.055 131 135
202 140 0.055 0.055 135 135
209 136 0.055 0.055 135 163
225 152 0.055 0.055 163 174
238 167 0.055 0.055 174 174
241 168 0.055 0.055 174 186
254 183 0.055 0.055 186 198
250 188 0.055 0.055 198 200
121 184 0.055 0.055 200 255
104 49 0.055 0.055 255 256
199 131 0.085 0.085 131 135
200 140 0.085 0.085 135 135
215 136 0.085 0.085 135 163
231 152 0.085 0.085 163 174
232 167 0.085 0.085 174 174
243 168 0.085 0.085 174 186
252 183 0.085 0.085 186 198
248 188 0.085 0.085 198 200
123 184 0.085 0.085 200 255
110 49 0.085 0.085 255 256
131 195 0.074 0.074 131 135
140 204 0.074 0.074 135 135
136 200 0.074 0.074 135 163
152 216 0.074 0.074 163 174
167 231 0.074 0.074 174 174
168 232 0.074 0.074 174 186
183 247 0.074 0.074 186 198
188 252 0.074 0.074 198 200
184 248 0.074 0.074 200 255
49 113 0.074 0.074 255 256
134 198 0.09 0.09 131 135
137 201 0.09 0.09 135 135
150 214 0.09 0.09 135 163
166 230 0.09 0.09 163 174
169 233 0.09 0.09 174 174
178 242 0.09 0.09 174 186
189 253 0.09 0.09 186 198
185 249 0.09 0.09 198 200
58 122 0.09 0.09 200 255
41 105 0.09 0.09 255 256
195 198 0.057 0.057 131 135
204 201 0.057 0.057 135 135
200 214 0.057 0.057 135 163
216 230 0.057 0.057 163 174
231 233 0.057 0.057 174 174
232 242 0.057 0.057 174 186
247 253 0.057 0.057 186 198
252 249 0.057 0.057 198 200
248 122 0.057 0.057 200 255
113 105 0.057 0.057 255 256
133 198 0.089 0.089 131 135
138 201 0.089 0.089 135 135
145 214 0.089 0.089 135 163
161 230 0.089 0.089 163 174
174 233 0.089 0.089 174 174
177 242 0.089 0.089 174 186
190 253 0.089 0.089 186 198
186 249 0.089 0.089 198 200
57 122 0.089 0.089 200 255
40 105 0.089 0.089 255 256
198 142 0.09 0.09 131 135
201 145 0.09 0.09 135 135
214 158 0.09 0.09 135 163
230 174 0.09 0.09 163 174
233 177 0.09 0.09 174 174
242 181 0.09 0.09 174 186
253 186 0.09 0.09 186 198
249 57 0.09 0.09 198 200
122 61 0.09 0.09 200 255
105 39 0.09 0.09 255 256
142 132 0.059 0.059 131 135
145 139 0.059 0.059 135 135
158 144 0.059 0.059 135 163
174 160 0.059 0.059 163 174
177 175 0.059 0.059 174 174
181 176 0.059 0.059 174 186
186 191 0.059 0.059 186 198
57 187 0.059 0.059 198 200
61 56 0.059 0.059 200 255
39 48 0.059 0.059 255 256
142 206 0.096 0.096 131 135
145 209 0.096 0.096 135 135
158 222 0.096 0.096 135 163
174 238 0.096 0.096 163 174
177 241 0.096 0.096 174 174
181 245 0.096 0.096 174 186
186 250 0.096 0.096 186 198
57 121 0.096 0.096 198 200
61 125 0.096 0.096 200 255
39 103 0.096 0.096 255 256
206 130 0.092 0.092 131 135
209 141 0.092 0.092 135 135
222 137 0.092 0.092 135 163
238 153 0.092 0.092 163 174
241 166 0.092 0.092 174 174
245 169 0.092 0.092 174 186
250 182 0.092 0.092 186 198
121 189 0.092 0.092 198 200
125 185 0.092 0.092 200 255
103 50 0.092 0.092 255 256
132 196 0.088 0.088 131 135
139 203 0.088 0.088 135 135
144 208 0.088 0.088 135 163
160 224 0.088 0.088 163 174
175 239 0.088 0.088 174 174
176 240 0.088 0.088 174 186
191 255 0.088 0.088 186 198
187 251 0.088 0.088 198 200
56 120 0.088 0.088 200 255
48 112 0.088 0.088 255 256
195 196 0.052 0.052 131 135
204 203 0.052 0.052 135 135
200 208 0.052 0.052 135 163
216 224 0.052 0.052 163 174
231 239 0.052 0.052 174 174
232 240 0.052 0.052 174 186
247 255 0.052 0.052 186 198
252 251 0.052 0.052 198 200
248 120 0.052 0.052 200 255
113 112 0.052 0.052 255 256
131 195 0.061 0.061 135 135
135 199 0.061 0.061 135 163
136 200 0.061 0.061 163 174
151 215 0.061 0.061 174 174
152 216 0.061 0.061 174 186
168 232 0.061 0.061 186 198
179 243 0.061 0.061 198 200
183 247 0.061 0.061 200 255
62 126 0.061 0.061 255 256
49 113 0.061 0.061 256 261
131 134 0.06 0.06 135 135
135 141 0.06 0.06 135 163
136 150 0.06 0.06 163 174
151 153 0.06 0.06 174 174
152 166 0.06 0.06 174 186
168 178 0.06 0.06 186 198
179 182 0.06 0.06 198 200
183 189 0.06 0.06 200 255
62 54 0.06 0.06 255 256
49 41 0.06 0.06 256 261
195 143 0.082 0.082 135 135
199 139 0.082 0.082 135 163
200 159 0.082 0.082 163 174
215 160 0.082 0.082 174 174
216 175 0.082 0.082 174 186
232 180 0.082 0.082 186 198
243 191 0.082 0.082 198 200
247 187 0.082 0.082 200 255
126 52 0.082 0.082 255 256
113 47 0.082 0.082 256 261
134 198 0.092 0.092 135 135
141 205 0.092 0.092 135 163
150 214 0.092 0.092 163 174
153 217 0.092 0.092 174 174
166 230 0.092 0.092 174 186
178 242 0.092 0.092 186 198
182 246 0.092 0.092 198 200
189 253 0.092 0.092 200 255
54 118 0.092 0.092 255 256
41 105 0.092 0.092 256 261
195 198 0.062 0.062 135 135
199 205 0.062 0.062 135 163
200 214 0.062 0.062 163 174
215 217 0.062 0.062 174 174
216 230 0.062 0.062 174 186
232 242 0.062 0.062 186 198
243 246 0.062 0.062 198 200
247 253 0.062 0.062 200 255
126 118 0.062 0.062 255 256
113 105 0.062 0.062 256 261
134 135 0.087 0.087 135 135
141 140 0.087 0.087 135 163
150 151 0.087 0.087 163 174
153 152 0.087 0.087 174 174
166 167 0.087 0.087 174 186
178 179 0.087 0.087 186 198
182 183 0.087 0.087 198 200
189 188 0.087 0.087 200 255
54 53 0.087 0.087 255 256
41 46 0.087 0.087 256 261
143 135 0.052 0.052 135 135
139 140 0.052 0.052 135 163
159 151 0.052 0.052 163 174
160 152 0.052 0.052 174 174
175 167 0.052 0.052 174 186
180 179 0.052 0.052 186 198
191 183 0.052 0.052 198 200
187 188 0.052 0.052 200 255
52 53 0.052 0.052 255 256
47 46 0.052 0.052 256 261
135 132 0.083 0.083 135 135
140 143 0.083 0.083 135 163
151 144 0.083 0.083 163 174
152 159 0.083 0.083 174 174
167 160 0.083 0.083 174 186
179 176 0.083 0.083 186 198
183 180 0.083 0.083 198 200
188 191 0.083 0.083 200 255
53 63 0.083 0.083 255 256
46 48 0.083 0.083 256 261
132 196 0.069 0.069 135 135
143 207 0.069 0.069 135 163
144 208 0.069 0.069 163 174
159 223 0.069 0.069 174 174
160 224 0.069 0.069 174 186
176 240 0.069 0.069 186 198
180 244 0.069 0.069 198 200
191 255 0.069 0.069 200 255
63 127 0.069 0.069 255 256
48 112 0.069 0.069 256 261
143 207 0.096 0.096 135 135
139 203 0.096 0.096 135 163
159 223 0.096 0.096 163 174
160 224 0.096 0.096 174 174
175 239 0.096 0.096 174 186
180 244 0.096 0.096 186 198
191 255 0.096 0.096 198 200
187 251 0.096 0.096 200 255
52 116 0.096 0.096 255 256
47 111 0.096 0.096 256 261
196 133 0.052 0.052 135 135
207 142 0.052 0.052 135 163
208 145 0.052 0.052 163 174
223 158 0.052 0.052 174 174
224 161 0.052 0.052 174 186
240 177 0.052 0.052 186 198
244 181 0.052 0.052 198 200
255 190 0.052 0.052 200 255
127 55 0.052 0.052 255 256
112 40 0.052 0.052 256 261
133 197 0.09 0.09 135 135
142 206 0.09 0.09 135 163
145 209 0.09 0.09 163 174
158 222 0.09 0.09 174 174
161 225 0.09 0.09 174 186
177 241 0.09 0.09 186 198
181 245 0.09 0.09 198 200
190 254 0.09 0.09 200 255
55 119 0.09 0.09 255 256
40 104 0.09 0.09 256 261
132 199 0.07 0.07 135 135
143 204 0.07 0.07 135 163
144 215 0.07 0.07 163 174
159 216 0.07 0.07 174 174
160 231 0.07 0.07 174 186
176 243 0.07 0.07 186 198
180 247 0.07 0.07 198 200
191 252 0.07 0.07 200 255
63 117 0.07 0.07 255 256
48 110 0.07 0.07 256 261
135 199 0.095 0.095 135 135
140 204 0.095 0.095 135 163
151 215 0.095 0.095 163 174
152 216 0.095 0.095 174 174
167 231 0.095 0.095 174 186
179 243 0.095 0.095 186 198
183 247 0.095 0.095 198 200
188 252 0.095 0.095 200 255
53 117 0.095 0.095 255 256
46 110 0.095 0.095 256 261
199 142 0.097 0.097 135 135
204 138 0.097 0.097 135 163
215 158 0.097 0.097 163 174
216 161 0.097 0.097 174 174
231 174 0.097 0.097 174 186
243 181 0.097 0.097 186 198
247 190 0.097 0.097 198 200
252 186 0.097 0.097 200 255
117 51 0.097 0.097 255 256
110 39 0.097 0.097 256 261
199 130 0.052 0.052 135 135
204 134 0.052 0.052 135 163
215 137 0.052 0.052 163 174
216 150 0.052 0.052 174 174
231 153 0.052 0.052 174 186
243 169 0.052 0.052 186 198
247 178 0.052 0.052 198 200
252 182 0.052 0.052 200 255
117 61 0.052 0.052 255 256
110 50 0.052 0.052 256 261
142 206 0.098 0.098 135 135
138 202 0.098 0.098 135 163
158 222 0.098 0.098 163 174
161 225 0.098 0.098 174 174
174 238 0.098 0.098 174 186
181 245 0.098 0.098 186 198
190 254 0.098 0.098 198 200
186 250 0.098 0.098 200 255
51 115 0.098 0.098 255 256
39 103 0.098 0.098 256 261
130 206 0.087 0.087 135 135
134 202 0.087 0.087 135 163
137 222 0.087 0.087 163 174
150 225 0.087 0.087 174 174
153 238 0.087 0.087 174 186
169 245 0.087 0.087 186 198
178 254 0.087 0.087 198 200
182 250 0.087 0.087 200 255
61 115 0.087 0.087 255 256
50 103 0.087 0.087 256 261
198 206 0.082 0.082 135 135
205 202 0.082 0.082 135 163
214 222 0.082 0.082 163 174
217 225 0.082 0.082 174 174
230 238 0.082 0.082 174 186
242 245 0.082 0.082 186 198
246 254 0.082 0.082 198 200
253 250 0.082 0.082 200 255
118 115 0.082 0.082 255 256
105 103 0.082 0.082 256 261
196 143 0.067 0.067 391 405
208 159 0.067 0.067 405 431
224 175 0.067 0.067 431 439
240 180 0.067 0.067 439 500
248 59 0.067 0.067 500 530
112 47 0.067 0.067 530 584
74 14 0.067 0.067 584 641
196 207 0.062 0.062 391 405
208 223 0.062 0.062 405 431
224 239 0.062 0.062 431 439
240 244 0.062 0.062 439 500
248 123 0.062 0.062 500 530
112 111 0.062 0.062 530 584
74 78 0.062 0.062 584 641
143 207 0.074 0.074 391 405
159 223 0.074 0.074 405 431
175 239 0.074 0.074 431 439
180 244 0.074 0.074 439 500
59 123 0.074 0.074 500 530
47 111 0.074 0.074 530 584
14 78 0.074 0.074 584 641
207 137 0.06 0.06 391 405
223 166 0.06 0.06 405 431
239 178 0.06 0.06 431 439
244 189 0.06 0.06 439 500
123 54 0.06 0.06 500 530
111 22 0.06 0.06 530 584
78 3 0.06 0.06 584 641
207 134 0.05 0.05 391 405
223 150 0.05 0.05 405 431
239 166 0.05 0.05 431 439
244 178 0.05 0.05 439 500
123 57 0.05 0.05 500 530
111 41 0.05 0.05 530 584
78 12 0.05 0.05 584 641
143 140 0.06 0.06 391 405
159 152 0.06 0.06 405 431
175 168 0.06 0.06 431 439
180 183 0.06 0.06 439 500
59 62 0.06 0.06 500 530
47 24 0.06 0.06 530 584
14 6 0.06 0.06 584 641
134 198 0.056 0.056 391 405
150 214 0.056 0.056 405 431
166 230 0.056 0.056 431 439
178 242 0.056 0.056 439 500
57 121 0.056 0.056 500 530
41 105 0.056 0.056 530 584
12 76 0.056 0.056 584 641
137 198 0.07 0.07 391 405
166 214 0.07 0.07 405 431
178 230 0.07 0.07 431 439
189 242 0.07 0.07 439 500
54 121 0.07 0.07 500 530
22 105 0.07 0.07 530 584
3 76 0.07 0.07 584 641
140 198 0.052 0.052 391 405
152 214 0.052 0.052 405 431
168 230 0.052 0.052 431 439
183 242 0.052 0.052 439 500
62 121 0.052 0.052 500 530
24 105 0.052 0.052 530 584
6 76 0.052 0.052 584 641
198 138 0.05 0.05 391 405
214 161 0.05 0.05 405 431
230 177 0.05 0.05 431 439
242 190 0.05 0.05 439 500
121 55 0.05 0.05 500 530
105 23 0.05 0.05 530 584
76 4 0.05 0.05 584 641
140 204 0.083 0.083 391 405
152 216 0.083 0.083 405 431
168 232 0.083 0.083 431 439
183 247 0.083 0.083 439 500
62 126 0.083 0.083 500 530
24 88 0.083 0.083 530 584
6 70 0.083 0.083 584 641
138 202 0.087 0.087 391 405
161 225 0.087 0.087 405 431
177 241 0.087 0.087 431 439
190 254 0.087 0.087 439 500
55 119 0.087 0.087 500 530
23 87 0.087 0.087 530 584
4 68 0.087 0.087 584 641
204 144 0.097 0.097 391 405
216 175 0.097 0.097 405 431
232 180 0.097 0.097 431 439
247 187 0.097 0.097 439 500
126 52 0.097 0.097 500 530
88 16 0.097 0.097 530 584
70 1 0.097 0.097 584 641
202 144 0.075 0.075 391 405
225 175 0.075 0.075 405 431
241 180 0.075 0.075 431 439
254 187 0.075 0.075 439 500
119 52 0.075 0.075 500 530
87 16 0.075 0.075 530 584
68 1 0.075 0.075 584 641
202 131 0.069 0.069 391 405
225 136 0.069 0.069 405 431
241 152 0.069 0.069 431 439
254 168 0.069 0.069 439 500
119 185 0.069 0.069 500 530
87 49 0.069 0.069 530 584
68 9 0.069 0.069 584 641
138 201 0.072 0.072 391 405
161 230 0.072 0.072 405 431
177 242 0.072 0.072 431 439
190 253 0.072 0.072 439 500
55 118 0.072 0.072 500 530
23 86 0.072 0.072 530 584
4 67 0.072 0.072 584 641
204 201 0.077 0.077 391 405
216 230 0.077 0.077 405 431
232 242 0.077 0.077 431 439
247 253 0.077 0.077 439 500
126 118 0.077 0.077 500 530
88 86 0.077 0.077 530 584
70 67 0.077 0.077 584 641
134 201 0.071 0.071 391 405
150 230 0.071 0.071 405 431
166 242 0.071 0.071 431 439
178 253 0.071 0.071 439 500
57 118 0.071 0.071 500 530
41 86 0.071 0.071 530 584
12 67 0.071 0.071 584 641
137 201 0.092 0.092 391 405
166 230 0.092 0.092 405 431
178 242 0.092 0.092 431 439
189 253 0.092 0.092 439 500
54 118 0.092 0.092 500 530
22 86 0.092 0.092 530 584
3 67 0.092 0.092 584 641
201 208 0.07 0.07 391 405
230 239 0.07 0.07 405 431
242 244 0.07 0.07 431 439
253 251 0.07 0.07 439 500
118 116 0.07 0.07 500 530
86 80 0.07 0.07 530 584
67 65 0.07 0.07 584 641
144 208 0.098 0.098 391 405
175 239 0.098 0.098 405 431
180 244 0.098 0.098 431 439
187 251 0.098 0.098 439 500
52 116 0.098 0.098 500 530
16 80 0.098 0.098 530 584
1 65 0.098 0.098 584 641
131 208 0.082 0.082 391 405
136 239 0.082 0.082 405 431
152 244 0.082 0.082 431 439
168 251 0.082 0.082 439 500
185 116 0.082 0.082 500 530
49 80 0.082 0.082 530 584
9 65 0.082 0.082 584 641
198 208 0.054 0.054 391 405
214 239 0.054 0.054 405 431
230 244 0.054 0.054 431 439
242 251 0.054 0.054 439 500
121 116 0.054 0.054 500 530
105 80 0.054 0.054 530 584
76 65 0.054 0.054 584 641
144 145 0.093 0.093 391 405
175 174 0.093 0.093 405 431
180 181 0.093 0.093 431 439
187 186 0.093 0.093 439 500
52 51 0.093 0.093 500 530
16 8 0.093 0.093 530 584
1 0 0.093 0.093 584 641
131 145 0.09 0.09 391 405
136 174 0.09 0.09 405 431
152 181 0.09 0.09 431 439
168 186 0.09 0.09 439 500
185 51 0.09 0.09 500 530
49 8 0.09 0.09 530 584
9 0 0.09 0.09 584 641
208 145 0.07 0.07 391 405
239 174 0.07 0.07 405 431
244 181 0.07 0.07 431 439
251 186 0.07 0.07 439 500
116 51 0.07 0.07 500 530
80 8 0.07 0.07 530 584
65 0 0.07 0.07 584 641
201 145 0.07 0.07 391 405
230 174 0.07 0.07 405 431
242 181 0.07 0.07 431 439
253 186 0.07 0.07 439 500
118 51 0.07 0.07 500 530
86 8 0.07 0.07 530 584
67 0 0.07 0.07 584 641
145 195 0.082 0.082 391 405
174 200 0.082 0.082 405 431
181 216 0.082 0.082 431 439
186 232 0.082 0.082 439 500
51 249 0.082 0.082 500 530
8 113 0.082 0.082 530 584
0 73 0.082 0.082 584 641
145 209 0.099 0.099 391 405
174 238 0.099 0.099 405 431
181 245 0.099 0.099 431 439
186 250 0.099 0.099 439 500
51 115 0.099 0.099 500 530
8 72 0.099 0.099 530 584
0 64 0.099 0.099 584 641
209 139 0.084 0.084 391 405
238 160 0.084 0.084 405 431
245 176 0.084 0.084 431 439
250 191 0.084 0.084 439 500
115 63 0.084 0.084 500 530
72 31 0.084 0.084 530 584
64 5 0.084 0.084 584 641
209 141 0.051 0.051 391 405
238 153 0.051 0.051 405 431
245 169 0.051 0.051 431 439
250 182 0.051 0.051 439 500
115 61 0.051 0.051 500 530
72 32 0.051 0.051 530 584
64 7 0.051 0.051 584 641
195 136 0.07 0.07 391 405
200 167 0.07 0.07 405 431
216 179 0.07 0.07 431 439
232 188 0.07 0.07 439 500
249 53 0.07 0.07 500 530
113 17 0.07 0.07 530 584
73 2 0.07 0.07 584 641
195 135 0.053 0.053 391 405
200 151 0.053 0.053 405 431
216 167 0.053 0.053 431 439
232 179 0.053 0.053 439 500
249 58 0.053 0.053 500 530
113 46 0.053 0.053 530 584
73 13 0.053 0.053 584 641
139 203 0.083 0.083 391 405
160 224 0.083 0.083 405 431
176 240 0.083 0.083 431 439
191 255 0.083 0.083 439 500
63 127 0.083 0.083 500 530
31 95 0.083 0.083 530 584
5 69 0.083 0.083 584 641
141 205 0.082 0.082 391 405
153 217 0.082 0.082 405 431
169 233 0.082 0.082 431 439
182 246 0.082 0.082 439 500
61 125 0.082 0.082 500 530
32 96 0.082 0.082 530 584
7 71 0.082 0.082 584 641
203 132 0.066 0.066 391 405
224 144 0.066 0.066 405 431
240 160 0.066 0.066 431 439
255 176 0.066 0.066 439 500
127 184 0.066 0.066 500 530
95 48 0.066 0.066 530 584
69 10 0.066 0.066 584 641
203 197 0.053 0.053 391 405
224 209 0.053 0.053 405 431
240 225 0.053 0.053 431 439
255 241 0.053 0.053 439 500
127 120 0.053 0.053 500 530
95 104 0.053 0.053 530 584
69 75 0.053 0.053 584 641
135 199 0.067 0.067 391 405
151 215 0.067 0.067 405 431
167 231 0.067 0.067 431 439
179 243 0.067 0.067 439 500
58 122 0.067 0.067 500 530
46 110 0.067 0.067 530 584
13 77 0.067 0.067 584 641
136 200 0.093 0.093 391 405
167 231 0.093 0.093 405 431
179 243 0.093 0.093 431 439
188 252 0.093 0.093 439 500
53 117 0.093 0.093 500 530
17 81 0.093 0.093 530 584
2 66 0.093 0.093 584 641
139 142 0.081 0.081 391 405
160 158 0.081 0.081 405 431
176 174 0.081 0.081 431 439
191 181 0.081 0.081 439 500
63 60 0.081 0.081 500 530
31 39 0.081 0.081 530 584
5 15 0.081 0.081 584 641
199 142 0.073 0.073 391 405
215 158 0.073 0.073 405 431
231 174 0.073 0.073 431 439
243 181 0.073 0.073 439 500
122 60 0.073 0.073 500 530
110 39 0.073 0.073 530 584
77 15 0.073 0.073 584 641
205 133 0.059 0.059 391 405
217 145 0.059 0.059 405 431
233 161 0.059 0.059 431 439
246 177 0.059 0.059 439 500
125 56 0.059 0.059 500 530
96 40 0.059 0.059 530 584
71 11 0.059 0.059 584 641
141 133 0.06 0.06 391 405
153 145 0.06 0.06 405 431
169 161 0.06 0.06 431 439
182 177 0.06 0.06 439 500
61 56 0.06 0.06 500 530
32 40 0.06 0.06 530 584
7 11 0.06 0.06 584 641
142 206 0.077 0.077 391 405
158 222 0.077 0.077 405 431
174 238 0.077 0.077 431 439
181 245 0.077 0.077 439 500
60 124 0.077 0.077 500 530
39 103 0.077 0.077 530 584
15 79 0.077 0.077 584 641
131 194 0.07 0.07 54 67
135 198 0.07 0.07 67 83
140 205 0.07 0.07 83 97
136 201 0.07 0.07 97 100
151 214 0.07 0.07 100 123
131 195 0.074 0.074 54 67
135 199 0.074 0.074 67 83
140 204 0.074 0.074 83 97
136 200 0.074 0.074 97 100
151 215 0.074 0.074 100 123
194 195 0.057 0.057 54 67
198 199 0.057 0.057 67 83
205 204 0.057 0.057 83 97
201 200 0.057 0.057 97 100
214 215 0.057 0.057 100 123
194 132 0.077 0.077 54 67
198 143 0.077 0.077 67 83
205 139 0.077 0.077 83 97
201 144 0.077 0.077 97 100
214 159 0.077 0.077 100 123
195 132 0.079 0.079 54 67
199 143 0.079 0.079 67 83
204 139 0.079 0.079 83 97
200 144 0.079 0.079 97 100
215 159 0.079 0.079 100 123
195 133 0.077 0.077 54 67
199 142 0.077 0.077 67 83
204 138 0.077 0.077 83 97
200 145 0.077 0.077 97 100
215 158 0.077 0.077 100 123
132 196 0.088 0.088 54 67
143 207 0.088 0.088 67 83
139 203 0.088 0.088 83 97
144 208 0.088 0.088 97 100
159 223 0.088 0.088 100 123
133 196 0.08 0.08 54 67
142 207 0.08 0.08 67 83
138 203 0.08 0.08 83 97
145 208 0.08 0.08 97 100
158 223 0.08 0.08 100 123
132 197 0.06 0.06 54 67
143 206 0.06 0.06 67 83
139 202 0.06 0.06 83 97
144 209 0.06 0.06 97 100
159 222 0.06 0.06 100 123
133 197 0.099 0.099 54 67
142 206 0.099 0.099 67 83
138 202 0.099 0.099 83 97
145 209 0.099 0.099 97 100
158 222 0.099 0.099 100 123
196 197 0.061 0.061 54 67
207 206 0.061 0.061 67 83
203 202 0.061 0.061 83 97
208 209 0.061 0.061 97 100
223 222 0.061 0.061 100 123
197 130 0.061 0.061 54 67
206 134 0.061 0.061 67 83
202 141 0.061 0.061 83 97
209 137 0.061 0.061 97 100
222 150 0.061 0.061 100 123
197 129 0.089 0.089 54 67
206 133 0.089 0.089 67 83
202 142 0.089 0.089 83 97
209 138 0.089 0.089 97 100
222 145 0.089 0.089 100 123
136 142 0.052 0.052 431 439
175 153 0.052 0.052 439 500
188 181 0.052 0.052 500 530
52 61 0.052 0.052 530 584
17 39 0.052 0.052 584 641
2 15 0.052 0.052 641 687
136 200 0.091 0.091 431 439
175 239 0.091 0.091 439 500
188 252 0.091 0.091 500 530
52 116 0.091 0.091 530 584
17 81 0.091 0.091 584 641
2 66 0.091 0.091 641 687
142 200 0.082 0.082 431 439
153 239 0.082 0.082 439 500
181 252 0.082 0.082 500 530
61 116 0.082 0.082 530 584
39 81 0.082 0.082 584 641
15 66 0.082 0.082 641 687
142 206 0.078 0.078 431 439
153 217 0.078 0.078 439 500
181 245 0.078 0.078 500 530
61 125 0.078 0.078 530 584
39 103 0.078 0.078 584 641
15 79 0.078 0.078 641 687
200 206 0.077 0.077 431 439
239 217 0.077 0.077 439 500
252 245 0.077 0.077 500 530
116 125 0.077 0.077 530 584
81 103 0.077 0.077 584 641
66 79 0.077 0.077 641 687
200 197 0.054 0.054 431 439
239 214 0.054 0.054 439 500
252 241 0.054 0.054 500 530
116 121 0.054 0.054 530 584
81 104 0.054 0.054 584 641
66 75 0.054 0.054 641 687
197 143 0.061 0.061 431 439
214 158 0.061 0.061 439 500
241 180 0.061 0.061 500 530
121 60 0.061 0.061 530 584
104 47 0.061 0.061 584 641
75 14 0.061 0.061 641 687
206 140 0.067 0.067 431 439
217 160 0.067 0.067 439 500
245 183 0.067 0.067 500 530
125 63 0.067 0.067 530 584
103 24 0.067 0.067 584 641
79 6 0.067 0.067 641 687
197 144 0.06 0.06 431 439
214 174 0.06 0.06 439 500
241 187 0.06 0.06 500 530
121 51 0.06 0.06 530 584
104 16 0.06 0.06 584 641
75 1 0.06 0.06 641 687
206 144 0.08 0.08 431 439
217 174 0.08 0.08 439 500
245 187 0.08 0.08 500 530
125 51 0.08 0.08 530 584
103 16 0.08 0.08 584 641
79 1 0.08 0.08 641 687
143 207 0.075 0.075 431 439
158 222 0.075 0.075 439 500
180 244 0.075 0.075 500 530
60 124 0.075 0.075 530 584
47 111 0.075 0.075 584 641
14 78 0.075 0.075 641 687
140 131 0.077 0.077 431 439
160 144 0.077 0.077 439 500
183 168 0.077 0.077 500 530
63 184 0.077 0.077 530 584
24 49 0.077 0.077 584 641
6 9 0.077 0.077 641 687
144 137 0.066 0.066 431 439
174 167 0.066 0.066 439 500
187 189 0.066 0.066 500 530
51 53 0.066 0.066 530 584
16 22 0.066 0.066 584 641
1 3 0.066 0.066 641 687
144 208 0.091 0.091 431 439
174 238 0.091 0.091 439 500
187 251 0.091 0.091 500 530
51 115 0.091 0.091 530 584
16 80 0.091 0.091 584 641
1 65 0.091 0.091 641 687
131 204 0.068 0.068 431 439
144 224 0.068 0.068 439 500
168 247 0.068 0.068 500 530
184 127 0.068 0.068 530 584
49 88 0.068 0.068 584 641
9 70 0.068 0.068 641 687
140 204 0.082 0.082 431 439
160 224 0.082 0.082 439 500
183 247 0.082 0.082 500 530
63 127 0.082 0.082 530 584
24 88 0.082 0.082 584 641
6 70 0.082 0.082 641 687
143 204 0.079 0.079 431 439
158 224 0.079 0.079 439 500
180 247 0.079 0.079 500 530
60 127 0.079 0.079 530 584
47 88 0.079 0.079 584 641
14 70 0.079 0.079 641 687
204 145 0.074 0.074 431 439
224 169 0.074 0.074 439 500
247 186 0.074 0.074 500 530
127 50 0.074 0.074 530 584
88 8 0.074 0.074 584 641
70 0 0.074 0.074 641 687
204 195 0.05 0.05 431 439
224 208 0.05 0.05 439 500
247 232 0.05 0.05 500 530
127 248 0.05 0.05 530 584
88 113 0.05 0.05 584 641
70 73 0.05 0.05 641 687
137 139 0.057 0.057 431 439
167 161 0.057 0.057 439 500
189 191 0.057 0.057 500 530
53 55 0.057 0.057 530 584
22 31 0.057 0.057 584 641
3 5 0.057 0.057 641 687
137 201 0.089 0.089 431 439
167 231 0.089 0.089 439 500
189 253 0.089 0.089 500 530
53 117 0.089 0.089 530 584
22 86 0.089 0.089 584 641
3 67 0.089 0.089 641 687
139 203 0.082 0.082 431 439
161 225 0.082 0.082 439 500
191 255 0.082 0.082 500 530
55 119 0.082 0.082 530 584
31 95 0.082 0.082 584 641
5 69 0.082 0.082 641 687
203 132 0.061 0.061 431 439
225 145 0.061 0.061 439 500
255 176 0.061 0.061 500 530
119 56 0.061 0.061 530 584
95 48 0.061 0.061 584 641
69 10 0.061 0.061 641 687
195 209 0.07 0.07 431 439
208 233 0.07 0.07 439 500
232 250 0.07 0.07 500 530
248 114 0.07 0.07 530 584
113 72 0.07 0.07 584 641
73 64 0.07 0.07 641 687
145 209 0.091 0.091 431 439
169 233 0.091 0.091 439 500
186 250 0.091 0.091 500 530
50 114 0.091 0.091 530 584
8 72 0.091 0.091 584 641
0 64 0.091 0.091 641 687
131 209 0.08 0.08 431 439
144 233 0.08 0.08 439 500
168 250 0.08 0.08 500 530
184 114 0.08 0.08 530 584
49 72 0.08 0.08 584 641
9 64 0.08 0.08 641 687
203 134 0.07 0.07 431 439
225 151 0.07 0.07 439 500
255 178 0.07 0.07 500 530
119 58 0.07 0.07 530 584
95 41 0.07 0.07 584 641
69 12 0.07 0.07 641 687
207 133 0.067 0.067 431 439
222 150 0.067 0.067 439 500
244 177 0.067 0.067 500 530
124 57 0.067 0.067 530 584
111 40 0.067 0.067 584 641
78 11 0.067 0.067 641 687
132 141 0.065 0.065 431 439
145 152 0.065 0.065 439 500
176 182 0.065 0.065 500 530
56 62 0.065 0.065 530 584
48 32 0.065 0.065 584 641
10 7 0.065 0.065 641 687
139 135 0.07 0.07 431 439
161 159 0.07 0.07 439 500
191 179 0.07 0.07 500 530
55 59 0.07 0.07 530 584
31 46 0.07 0.07 584 641
5 13 0.07 0.07 641 687
209 135 0.071 0.071 431 439
233 159 0.071 0.071 439 500
250 179 0.071 0.071 500 530
114 59 0.071 0.071 530 584
72 46 0.071 0.071 584 641
64 13 0.071 0.071 641 687
134 135 0.066 0.066 431 439
151 159 0.066 0.066 439 500
178 179 0.066 0.066 500 530
58 59 0.066 0.066 530 584
41 46 0.066 0.066 584 641
12 13 0.066 0.066 641 687
133 138 0.075 0.075 431 439
150 166 0.075 0.075 439 500
177 190 0.075 0.075 500 530
57 54 0.075 0.075 530 584
40 23 0.075 0.075 584 641
11 4 0.075 0.075 641 687
135 199 0.066 0.066 431 439
159 223 0.066 0.066 439 500
179 243 0.066 0.066 500 530
59 123 0.066 0.066 530 584
46 110 0.066 0.066 584 641
13 77 0.066 0.066 641 687
141 205 0.08 0.08 431 439
152 216 0.08 0.08 439 500
182 246 0.08 0.08 500 530
62 126 0.08 0.08 530 584
32 96 0.08 0.08 584 641
7 71 0.08 0.08 641 687
141 198 0.061 0.061 431 439
152 215 0.061 0.061 439 500
182 242 0.061 0.061 500 530
62 122 0.061 0.061 530 584
32 105 0.061 0.061 584 641
7 76 0.061 0.061 641 687
138 196 0.072 0.072 431 439
166 209 0.072 0.072 439 500
190 240 0.072 0.072 500 530
54 120 0.072 0.072 530 584
23 112 0.072 0.072 584 641
4 74 0.072 0.072 641 687
138 202 0.083 0.083 431 439
166 230 0.083 0.083 439 500
190 254 0.083 0.083 500 530
54 118 0.083 0.083 530 584
23 87 0.083 0.083 584 641
4 68 0.083 0.083 641 687
139 203 0.087 0.087 530 584
167 231 0.087 0.087 584 641
189 253 0.087 0.087 641 687
54 118 0.087 0.087 687 746
23 87 0.087 0.087 746 754
4 68 0.087 0.087 754 841
203 132 0.076 0.076 530 584
231 151 0.076 0.076 584 641
253 178 0.076 0.076 641 687
118 57 0.076 0.076 687 746
87 40 0.076 0.076 746 754
68 11 0.076 0.076 754 841
203 194 0.051 0.051 530 584
231 209 0.051 0.051 584 641
253 240 0.051 0.051 641 687
118 248 0.051 0.051 687 746
87 113 0.051 0.051 746 754
68 73 0.051 0.051 754 841
132 142 0.075 0.075 530 584
151 160 0.075 0.075 584 641
178 183 0.075 0.075 641 687
57 62 0.075 0.075 687 746
40 32 0.075 0.075 746 754
11 7 0.075 0.075 754 841
139 137 0.079 0.079 530 584
167 174 0.079 0.079 584 641
189 187 0.079 0.079 641 687
54 52 0.079 0.079 687 746
23 17 0.079 0.079 746 754
4 2 0.079 0.079 754 841
194 201 0.056 0.056 530 584
209 238 0.056 0.056 584 641
240 251 0.056 0.056 641 687
248 116 0.056 0.056 687 746
113 81 0.056 0.056 746 754
73 66 0.056 0.056 754 841
137 201 0.094 0.094 530 584
174 238 0.094 0.094 584 641
187 251 0.094 0.094 641 687
52 116 0.094 0.094 687 746
17 81 0.094 0.094 746 754
2 66 0.094 0.094 754 841
132 201 0.074 0.074 530 584
151 238 0.074 0.074 584 641
178 251 0.074 0.074 641 687
57 116 0.074 0.074 687 746
40 81 0.074 0.074 746 754
11 66 0.074 0.074 754 841
194 140 0.068 0.068 530 584
209 166 0.068 0.068 584 641
240 190 0.068 0.068 641 687
248 55 0.068 0.068 687 746
113 31 0.068 0.068 746 754
73 5 0.068 0.068 754 841
137 140 0.056 0.056 530 584
174 166 0.056 0.056 584 641
187 190 0.056 0.056 641 687
52 55 0.056 0.056 687 746
17 31 0.056 0.056 746 754
2 5 0.056 0.056 754 841
201 140 0.06 0.06 530 584
238 166 0.06 0.06 584 641
251 190 0.06 0.06 641 687
116 55 0.06 0.06 687 746
81 31 0.06 0.06 746 754
66 5 0.06 0.06 754 841
142 140 0.051 0.051 530 584
160 166 0.051 0.051 584 641
183 190 0.051 0.051 641 687
62 55 0.051 0.051 687 746
32 31 0.051 0.051 746 754
7 5 0.051 0.051 754 841
140 206 0.065 0.065 530 584
166 224 0.065 0.065 584 641
190 247 0.065 0.065 641 687
55 126 0.065 0.065 687 746
31 96 0.065 0.065 746 754
5 71 0.065 0.065 754 841
201 206 0.069 0.069 530 584
238 224 0.069 0.069 584 641
251 247 0.069 0.069 641 687
116 126 0.069 0.069 687 746
81 96 0.069 0.069 746 754
66 71 0.069 0.069 754 841
142 206 0.083 0.083 530 584
160 224 0.083 0.083 584 641
183 247 0.083 0.083 641 687
62 126 0.083 0.083 687 746
32 96 0.083 0.083 746 754
7 71 0.083 0.083 754 841
206 135 0.078 0.078 530 584
224 153 0.078 0.078 584 641
247 181 0.078 0.078 641 687
126 60 0.078 0.078 687 746
96 47 0.078 0.078 746 754
71 14 0.078 0.078 754 841
135 199 0.082 0.082 530 584
153 217 0.082 0.082 584 641
181 245 0.082 0.082 641 687
60 124 0.082 0.082 687 746
47 111 0.082 0.082 746 754
14 78 0.082 0.082 754 841
206 204 0.077 0.077 530 584
224 230 0.077 0.077 584 641
247 254 0.077 0.077 641 687
126 119 0.077 0.077 687 746
96 95 0.077 0.077 746 754
71 69 0.077 0.077 754 841
140 204 0.086 0.086 530 584
166 230 0.086 0.086 584 641
190 254 0.086 0.086 641 687
55 119 0.086 0.086 687 746
31 95 0.086 0.086 746 754
5 69 0.086 0.086 754 841
199 129 0.052 0.052 530 584
217 144 0.052 0.052 584 641
245 168 0.052 0.052 641 687
124 185 0.052 0.052 687 746
111 50 0.052 0.052 746 754
78 8 0.052 0.052 754 841
129 134 0.059 0.059 530 584
144 158 0.059 0.059 584 641
168 180 0.059 0.059 641 687
185 59 0.059 0.059 687 746
50 46 0.059 0.059 746 754
8 13 0.059 0.059 754 841
134 144 0.073 0.073 530 584
158 168 0.073 0.073 584 641
180 185 0.073 0.073 641 687
59 50 0.073 0.073 687 746
46 8 0.073 0.073 746 754
13 0 0.073 0.073 754 841
129 144 0.085 0.085 530 584
144 168 0.085 0.085 584 641
168 185 0.085 0.085 641 687
185 50 0.085 0.085 687 746
50 8 0.085 0.085 746 754
8 0 0.085 0.085 754 841
199 144 0.064 0.064 530 584
217 168 0.064 0.064 584 641
245 185 0.064 0.064 641 687
124 50 0.064 0.064 687 746
111 8 0.064 0.064 746 754
78 0 0.064 0.064 754 841
144 131 0.085 0.085 530 584
168 150 0.085 0.085 584 641
185 177 0.085 0.085 641 687
50 56 0.085 0.085 687 746
8 48 0.085 0.085 746 754
0 10 0.085 0.085 754 841
144 208 0.098 0.098 530 584
168 232 0.098 0.098 584 641
185 249 0.098 0.098 641 687
50 114 0.098 0.098 687 746
8 72 0.098 0.098 746 754
0 64 0.098 0.098 754 841
134 198 0.068 0.068 530 584
158 222 0.068 0.068 584 641
180 244 0.068 0.068 641 687
59 123 0.068 0.068 687 746
46 110 0.068 0.068 746 754
13 77 0.068 0.068 754 841
131 198 0.062 0.062 530 584
150 222 0.062 0.062 584 641
177 244 0.062 0.062 641 687
56 123 0.062 0.062 687 746
48 110 0.062 0.062 746 754
10 77 0.062 0.062 754 841
208 198 0.06 0.06 530 584
232 222 0.06 0.06 584 641
249 244 0.06 0.06 641 687
114 123 0.06 0.06 687 746
72 110 0.06 0.06 746 754
64 77 0.06 0.06 754 841
204 198 0.058 0.058 530 584
230 222 0.058 0.058 584 641
254 244 0.058 0.058 641 687
119 123 0.058 0.058 687 746
95 110 0.058 0.058 746 754
69 77 0.058 0.058 754 841
135 138 0.062 0.062 530 584
153 175 0.062 0.062 584 641
181 188 0.062 0.062 641 687
60 53 0.062 0.062 687 746
47 22 0.062 0.062 746 754
14 3 0.062 0.062 754 841
204 138 0.082 0.082 530 584
230 175 0.082 0.082 584 641
254 188 0.082 0.082 641 687
119 53 0.082 0.082 687 746
95 22 0.082 0.082 746 754
69 3 0.082 0.082 754 841
198 138 0.054 0.054 530 584
222 175 0.054 0.054 584 641
244 188 0.054 0.054 641 687
123 53 0.054 0.054 687 746
110 22 0.054 0.054 746 754
77 3 0.054 0.054 754 841
131 143 0.056 0.056 530 584
150 152 0.056 0.056 584 641
177 182 0.056 0.056 641 687
56 61 0.056 0.056 687 746
48 39 0.056 0.056 746 754
10 15 0.056 0.056 754 841
208 143 0.097 0.097 530 584
232 152 0.097 0.097 584 641
249 182 0.097 0.097 641 687
114 61 0.097 0.097 687 746
72 39 0.097 0.097 746 754
64 15 0.097 0.097 754 841
138 196 0.051 0.051 530 584
175 215 0.051 0.051 584 641
188 242 0.051 0.051 641 687
53 121 0.051 0.051 687 746
22 104 0.051 0.051 746 754
3 75 0.051 0.051 754 841
138 202 0.093 0.093 530 584
175 239 0.093 0.093 584 641
188 252 0.093 0.093 641 687
53 117 0.093 0.093 687 746
22 86 0.093 0.093 746 754
3 67 0.093 0.093 754 841
143 207 0.082 0.082 530 584
152 216 0.082 0.082 584 641
182 246 0.082 0.082 641 687
61 125 0.082 0.082 687 746
39 103 0.082 0.082 746 754
15 79 0.082 0.082 754 841
207 136 0.072 0.072 530 584
216 169 0.072 0.072 584 641
246 186 0.072 0.072 641 687
125 51 0.072 0.072 687 746
103 16 0.072 0.072 746 754
79 1 0.072 0.072 754 841
196 136 0.059 0.059 530 584
215 169 0.059 0.059 584 641
242 186 0.059 0.059 641 687
121 51 0.059 0.059 687 746
104 16 0.059 0.059 746 754
75 1 0.059 0.059 754 841
143 136 0.091 0.091 530 584
152 169 0.091 0.091 584 641
182 186 0.091 0.091 641 687
61 51 0.091 0.091 687 746
39 16 0.091 0.091 746 754
15 1 0.091 0.091 754 841
136 200 0.095 0.095 530 584
169 233 0.095 0.095 584 641
186 250 0.095 0.095 641 687
51 115 0.095 0.095 687 746
16 80 0.095 0.095 746 754
1 65 0.095 0.095 754 841
200 130 0.057 0.057 530 584
233 145 0.057 0.057 584 641
250 176 0.057 0.057 641 687
115 184 0.057 0.057 687 746
80 49 0.057 0.057 746 754
65 9 0.057 0.057 754 841
200 141 0.089 0.089 530 584
233 161 0.089 0.089 584 641
250 191 0.089 0.089 641 687
115 63 0.089 0.089 687 746
80 24 0.089 0.089 746 754
65 6 0.089 0.089 754 841
202 195 0.068 0.068 530 584
239 214 0.068 0.068 584 641
252 241 0.068 0.068 641 687
117 120 0.068 0.068 687 746
86 112 0.068 0.068 746 754
67 74 0.068 0.068 754 841
202 133 0.072 0.072 530 584
239 159 0.072 0.072 584 641
252 179 0.072 0.072 641 687
117 58 0.072 0.072 687 746
86 41 0.072 0.072 746 754
67 12 0.072 0.072 754 841
141 197 0.067 0.067 530 584
161 223 0.067 0.067 584 641
191 243 0.067 0.067 641 687
63 122 0.067 0.067 687 746
24 105 0.067 0.067 746 754
6 76 0.067 0.067 754 841
141 205 0.084 0.084 530 584
161 225 0.084 0.084 584 641
191 255 0.084 0.084 641 687
63 127 0.084 0.084 687 746
24 88 0.084 0.084 746 754
6 70 0.084 0.084 754 841
130 194 0.073 0.073 67 83
134 198 0.073 0.073 83 97
141 205 0.073 0.073 97 100
137 201 0.073 0.073 100 118
194 131 0.065 0.065 67 83
198 135 0.065 0.065 83 97
205 140 0.065 0.065 97 100
201 136 0.065 0.065 100 118
130 131 0.072 0.072 67 83
134 135 0.072 0.072 83 97
141 140 0.072 0.072 97 100
137 136 0.072 0.072 100 118
131 195 0.082 0.082 67 83
135 199 0.082 0.082 83 97
140 204 0.082 0.082 97 100
136 200 0.082 0.082 100 118
194 195 0.08 0.08 67 83
198 199 0.08 0.08 83 97
205 204 0.08 0.08 97 100
201 200 0.08 0.08 100 118
195 132 0.068 0.068 67 83
199 143 0.068 0.068 83 97
204 139 0.068 0.068 97 100
200 144 0.068 0.068 100 118
132 196 0.084 0.084 67 83
143 207 0.084 0.084 83 97
139 203 0.084 0.084 97 100
144 208 0.084 0.084 100 118
132 129 0.072 0.072 67 83
143 133 0.072 0.072 83 97
139 142 0.072 0.072 97 100
144 138 0.072 0.072 100 118
130 135 0.071 0.071 439 500
145 153 0.071 0.071 500 530
177 182 0.071 0.071 530 584
56 61 0.071 0.071 584 641
48 39 0.071 0.071 641 687
10 15 0.071 0.071 687 754
135 199 0.087 0.087 439 500
153 217 0.087 0.087 500 530
182 246 0.087 0.087 530 584
61 125 0.087 0.087 584 641
39 103 0.087 0.087 641 687
15 79 0.087 0.087 687 754
130 199 0.071 0.071 439 500
145 217 0.071 0.071 500 530
177 246 0.071 0.071 530 584
56 125 0.071 0.071 584 641
48 103 0.071 0.071 641 687
10 79 0.071 0.071 687 754
199 136 0.094 0.094 439 500
217 169 0.094 0.094 500 530
246 185 0.094 0.094 530 584
125 50 0.094 0.094 584 641
103 8 0.094 0.094 641 687
79 0 0.094 0.094 687 754
199 129 0.05 0.05 439 500
217 144 0.05 0.05 500 530
246 176 0.05 0.05 530 584
125 184 0.05 0.05 584 641
103 49 0.05 0.05 641 687
79 9 0.05 0.05 687 754
136 200 0.099 0.099 439 500
169 233 0.099 0.099 500 530
185 249 0.099 0.099 530 584
50 114 0.099 0.099 584 641
8 72 0.099 0.099 641 687
0 64 0.099 0.099 687 754
200 140 0.067 0.067 439 500
233 166 0.067 0.067 500 530
249 189 0.067 0.067 530 584
114 54 0.067 0.067 584 641
72 23 0.067 0.067 641 687
64 4 0.067 0.067 687 754
200 193 0.091 0.091 439 500
233 208 0.091 0.091 500 530
249 240 0.091 0.091 530 584
114 248 0.091 0.091 584 641
72 113 0.091 0.091 641 687
64 73 0.091 0.091 687 754
140 204 0.093 0.093 439 500
166 230 0.093 0.093 500 530
189 253 0.093 0.093 530 584
54 118 0.093 0.093 584 641
23 87 0.093 0.093 641 687
4 68 0.093 0.093 687 754
136 204 0.091 0.091 439 500
169 230 0.091 0.091 500 530
185 253 0.091 0.091 530 584
50 118 0.091 0.091 584 641
8 87 0.091 0.091 641 687
0 68 0.091 0.091 687 754
193 204 0.079 0.079 439 500
208 230 0.079 0.079 500 530
240 253 0.079 0.079 530 584
248 118 0.079 0.079 584 641
113 87 0.079 0.079 641 687
73 68 0.079 0.079 687 754
129 204 0.07 0.07 439 500
144 230 0.07 0.07 500 530
176 253 0.07 0.07 530 584
184 118 0.07 0.07 584 641
49 87 0.07 0.07 641 687
9 68 0.07 0.07 687 754
129 141 0.062 0.062 439 500
144 161 0.062 0.062 500 530
176 190 0.062 0.062 530 584
184 55 0.062 0.062 584 641
49 31 0.062 0.062 641 687
9 5 0.062 0.062 687 754
204 141 0.074 0.074 439 500
230 161 0.074 0.074 500 530
253 190 0.074 0.074 530 584
118 55 0.074 0.074 584 641
87 31 0.074 0.074 641 687
68 5 0.074 0.074 687 754
135 141 0.062 0.062 439 500
153 161 0.062 0.062 500 530
182 190 0.062 0.062 530 584
61 55 0.062 0.062 584 641
39 31 0.062 0.062 641 687
15 5 0.062 0.062 687 754
140 141 0.054 0.054 439 500
166 161 0.054 0.054 500 530
189 190 0.054 0.054 530 584
54 55 0.054 0.054 584 641
23 31 0.054 0.054 641 687
4 5 0.054 0.054 687 754
193 139 0.058 0.058 439 500
208 167 0.058 0.058 500 530
240 188 0.058 0.058 530 584
248 53 0.058 0.058 584 641
113 22 0.058 0.058 641 687
73 3 0.058 0.058 687 754
204 139 0.082 0.082 439 500
230 167 0.082 0.082 500 530
253 188 0.082 0.082 530 584
118 53 0.082 0.082 584 641
87 22 0.082 0.082 641 687
68 3 0.082 0.082 687 754
141 143 0.054 0.054 439 500
161 152 0.054 0.054 500 530
190 183 0.054 0.054 530 584
55 62 0.054 0.054 584 641
31 32 0.054 0.054 641 687
5 7 0.054 0.054 687 754
139 205 0.097 0.097 439 500
167 225 0.097 0.097 500 530
188 254 0.097 0.097 530 584
53 119 0.097 0.097 584 641
22 95 0.097 0.097 641 687
3 69 0.097 0.097 687 754
141 205 0.091 0.091 439 500
161 225 0.091 0.091 500 530
190 254 0.091 0.091 530 584
55 119 0.091 0.091 584 641
31 95 0.091 0.091 641 687
5 69 0.091 0.091 687 754
143 207 0.089 0.089 439 500
152 216 0.089 0.089 500 530
183 247 0.089 0.089 530 584
62 126 0.089 0.089 584 641
32 96 0.089 0.089 641 687
7 71 0.089 0.089 687 754
205 142 0.061 0.061 439 500
225 160 0.061 0.061 500 530
254 191 0.061 0.061 530 584
119 63 0.061 0.061 584 641
95 24 0.061 0.061 641 687
69 6 0.061 0.061 687 754
207 132 0.086 0.086 439 500
216 151 0.086 0.086 500 530
247 179 0.086 0.086 530 584
126 58 0.086 0.086 584 641
96 41 0.086 0.086 641 687
71 12 0.086 0.086 687 754
205 195 0.068 0.068 439 500
225 214 0.068 0.068 500 530
254 242 0.068 0.068 530 584
119 121 0.068 0.068 584 641
95 104 0.068 0.068 641 687
69 75 0.068 0.068 687 754
142 195 0.089 0.089 439 500
160 214 0.089 0.089 500 530
191 242 0.089 0.089 530 584
63 121 0.089 0.089 584 641
24 104 0.089 0.089 641 687
6 75 0.089 0.089 687 754
207 203 0.07 0.07 439 500
216 231 0.07 0.07 500 530
247 252 0.07 0.07 530 584
126 117 0.07 0.07 584 641
96 86 0.07 0.07 641 687
71 67 0.07 0.07 687 754
132 203 0.067 0.067 439 500
151 231 0.067 0.067 500 530
179 252 0.067 0.067 530 584
58 117 0.067 0.067 584 641
41 86 0.067 0.067 641 687
12 67 0.067 0.067 687 754
195 203 0.057 0.057 439 500
214 231 0.057 0.057 500 530
242 252 0.057 0.057 530 584
121 117 0.057 0.057 584 641
104 86 0.057 0.057 641 687
75 67 0.057 0.057 687 754
139 203 0.097 0.097 439 500
167 231 0.097 0.097 500 530
188 252 0.097 0.097 530 584
53 117 0.097 0.097 584 641
22 86 0.097 0.097 641 687
3 67 0.097 0.097 687 754
203 137 0.076 0.076 439 500
231 174 0.076 0.076 500 530
252 186 0.076 0.076 530 584
117 51 0.076 0.076 584 641
86 16 0.076 0.076 641 687
67 1 0.076 0.076 687 754
137 196 0.069 0.069 439 500
174 215 0.069 0.069 500 530
186 243 0.069 0.069 530 584
51 122 0.069 0.069 584 641
16 105 0.069 0.069 641 687
1 76 0.069 0.069 687 754
195 201 0.076 0.076 439 500
214 238 0.076 0.076 500 530
242 250 0.076 0.076 530 584
121 115 0.076 0.076 584 641
104 80 0.076 0.076 641 687
75 65 0.076 0.076 687 754
137 201 0.098 0.098 439 500
174 238 0.098 0.098 500 530
186 250 0.098 0.098 530 584
51 115 0.098 0.098 584 641
16 80 0.098 0.098 641 687
1 65 0.098 0.098 687 754
132 201 0.059 0.059 439 500
151 238 0.059 0.059 500 530
179 250 0.059 0.059 530 584
58 115 0.059 0.059 584 641
41 80 0.059 0.059 641 687
12 65 0.059 0.059 687 754
143 206 0.068 0.068 439 500
152 224 0.068 0.068 500 530
183 255 0.068 0.068 530 584
62 127 0.068 0.068 584 641
32 88 0.068 0.068 641 687
7 70 0.068 0.068 687 754
142 206 0.089 0.089 439 500
160 224 0.089 0.089 500 530
191 255 0.089 0.089 530 584
63 127 0.089 0.089 584 641
24 88 0.089 0.089 641 687
6 70 0.089 0.089 687 754
203 206 0.058 0.058 439 500
231 224 0.058 0.058 500 530
252 255 0.058 0.058 530 584
117 127 0.058 0.058 584 641
86 88 0.058 0.058 641 687
67 70 0.058 0.058 687 754
196 138 0.073 0.073 439 500
215 175 0.073 0.073 500 530
243 187 0.073 0.073 530 584
122 52 0.073 0.073 584 641
105 17 0.073 0.073 641 687
76 2 0.073 0.073 687 754
206 138 0.082 0.082 439 500
224 175 0.082 0.082 500 530
255 187 0.082 0.082 530 584
127 52 0.082 0.082 584 641
88 17 0.082 0.082 641 687
70 2 0.082 0.082 687 754
196 133 0.072 0.072 439 500
215 159 0.072 0.072 500 530
243 180 0.072 0.072 530 584
122 59 0.072 0.072 584 641
105 46 0.072 0.072 641 687
76 13 0.072 0.072 687 754
201 133 0.081 0.081 439 500
238 159 0.081 0.081 500 530
250 180 0.081 0.081 530 584
115 59 0.081 0.081 584 641
80 46 0.081 0.081 641 687
65 13 0.081 0.081 687 754
138 202 0.097 0.097 439 500
175 239 0.097 0.097 500 530
187 251 0.097 0.097 530 584
52 116 0.097 0.097 584 641
17 81 0.097 0.097 641 687
2 66 0.097 0.097 687 754
206 202 0.069 0.069 439 500
224 239 0.069 0.069 500 530
255 251 0.069 0.069 530 584
127 116 0.069 0.069 584 641
88 81 0.069 0.069 641 687
70 66 0.069 0.069 687 754
133 197 0.082 0.082 439 500
159 223 0.082 0.082 500 530
180 244 0.082 0.082 530 584
59 123 0.082 0.082 584 641
46 110 0.082 0.082 641 687
13 77 0.082 0.082 687 754
133 194 0.067 0.067 439 500
159 209 0.067 0.067 500 530
180 241 0.067 0.067 530 584
59 120 0.067 0.067 584 641
46 112 0.067 0.067 641 687
13 74 0.067 0.067 687 754
202 131 0.09 0.09 439 500
239 150 0.09 0.09 500 530
251 178 0.09 0.09 530 584
116 57 0.09 0.09 584 641
81 40 0.09 0.09 641 687
66 11 0.09 0.09 687 754
202 134 0.057 0.057 439 500
239 158 0.057 0.057 500 530
251 181 0.057 0.057 530 584
116 60 0.057 0.057 584 641
81 47 0.057 0.057 641 687
66 14 0.057 0.057 687 754
194 198 0.067 0.067 439 500
209 222 0.067 0.067 500 530
241 245 0.067 0.067 530 584
120 124 0.067 0.067 584 641
112 111 0.067 0.067 641 687
74 78 0.067 0.067 687 754
201 198 0.089 0.089 439 500
238 222 0.089 0.089 500 530
250 245 0.089 0.089 530 584
115 124 0.089 0.089 584 641
80 111 0.089 0.089 641 687
65 78 0.089 0.089 687 754
134 198 0.083 0.083 439 500
158 222 0.083 0.083 500 530
181 245 0.083 0.083 530 584
60 124 0.083 0.083 584 641
47 111 0.083 0.083 641 687
14 78 0.083 0.083 687 754
193 141 0.072 0.072 500 530
209 166 0.072 0.072 530 584
240 190 0.072 0.072 584 641
248 55 0.072 0.072 641 687
113 31 0.072 0.072 687 746
193 205 0.087 0.087 500 530
209 230 0.087 0.087 530 584
240 254 0.087 0.087 584 641
248 119 0.087 0.087 641 687
113 95 0.087 0.087 687 746
141 205 0.091 0.091 500 530
166 230 0.091 0.091 530 584
190 254 0.091 0.091 584 641
55 119 0.091 0.091 641 687
31 95 0.091 0.091 687 746
205 135 0.078 0.078 500 530
230 152 0.078 0.078 530 584
254 182 0.078 0.078 584 641
119 61 0.078 0.078 641 687
95 39 0.078 0.078 687 746
205 134 0.082 0.082 500 530
230 153 0.082 0.082 530 584
254 181 0.082 0.082 584 641
119 60 0.082 0.082 641 687
95 47 0.082 0.082 687 746
141 134 0.075 0.075 500 530
166 153 0.075 0.075 530 584
190 181 0.075 0.075 584 641
55 60 0.075 0.075 641 687
31 47 0.075 0.075 687 746
135 199 0.079 0.079 500 530
152 216 0.079 0.079 530 584
182 246 0.079 0.079 584 641
61 125 0.079 0.079 641 687
39 103 0.079 0.079 687 746
199 140 0.075 0.075 500 530
216 167 0.075 0.075 530 584
246 189 0.075 0.075 584 641
125 54 0.075 0.075 641 687
103 23 0.075 0.075 687 746
135 140 0.09 0.09 500 530
152 167 0.09 0.09 530 584
182 189 0.09 0.09 584 641
61 54 0.09 0.09 641 687
39 23 0.09 0.09 687 746
134 140 0.07 0.07 500 530
153 167 0.07 0.07 530 584
181 189 0.07 0.07 584 641
60 54 0.07 0.07 641 687
47 23 0.07 0.07 687 746
140 204 0.097 0.097 500 530
167 231 0.097 0.097 530 584
189 253 0.097 0.097 584 641
54 118 0.097 0.097 641 687
23 87 0.097 0.097 687 746
199 136 0.075 0.075 500 530
216 168 0.075 0.075 530 584
246 185 0.075 0.075 584 641
125 50 0.075 0.075 641 687
103 8 0.075 0.075 687 746
204 136 0.076 0.076 500 530
231 168 0.076 0.076 530 584
253 185 0.076 0.076 584 641
118 50 0.076 0.076 641 687
87 8 0.076 0.076 687 746
140 198 0.072 0.072 500 530
167 217 0.072 0.072 530 584
189 245 0.072 0.072 584 641
54 124 0.072 0.072 641 687
23 111 0.072 0.072 687 746
204 198 0.076 0.076 500 530
231 217 0.076 0.076 530 584
253 245 0.076 0.076 584 641
118 124 0.076 0.076 641 687
87 111 0.076 0.076 687 746
134 198 0.071 0.071 500 530
153 217 0.071 0.071 530 584
181 245 0.071 0.071 584 641
60 124 0.071 0.071 641 687
47 111 0.071 0.071 687 746
136 198 0.074 0.074 500 530
168 217 0.074 0.074 530 584
185 245 0.074 0.074 584 641
50 124 0.074 0.074 641 687
8 111 0.074 0.074 687 746
198 200 0.082 0.082 500 530
217 232 0.082 0.082 530 584
245 249 0.082 0.082 584 641
124 114 0.082 0.082 641 687
111 72 0.082 0.082 687 746
136 200 0.099 0.099 500 530
168 232 0.099 0.099 530 584
185 249 0.099 0.099 584 641
50 114 0.099 0.099 641 687
8 72 0.099 0.099 687 746
198 139 0.083 0.083 500 530
217 175 0.083 0.083 530 584
245 188 0.083 0.083 584 641
124 53 0.083 0.083 641 687
111 22 0.083 0.083 687 746
200 139 0.085 0.085 500 530
232 175 0.085 0.085 530 584
249 188 0.085 0.085 584 641
114 53 0.085 0.085 641 687
72 22 0.085 0.085 687 746
200 203 0.092 0.092 500 530
232 239 0.092 0.092 530 584
249 252 0.092 0.092 584 641
114 117 0.092 0.092 641 687
72 86 0.092 0.092 687 746
139 203 0.098 0.098 500 530
175 239 0.098 0.098 530 584
188 252 0.098 0.098 584 641
53 117 0.098 0.098 641 687
22 86 0.098 0.098 687 746
139 129 0.065 0.065 500 530
175 145 0.065 0.065 530 584
188 176 0.065 0.065 584 641
53 184 0.065 0.065 641 687
22 49 0.065 0.065 687 746
203 129 0.052 0.052 500 530
239 145 0.052 0.052 530 584
252 176 0.052 0.052 584 641
117 184 0.052 0.052 641 687
86 49 0.052 0.052 687 746
203 143 0.087 0.087 500 530
239 160 0.087 0.087 530 584
252 183 0.087 0.087 584 641
117 62 0.087 0.087 641 687
86 32 0.087 0.087 687 746
143 131 0.061 0.061 500 530
160 151 0.061 0.061 530 584
183 178 0.061 0.061 584 641
62 57 0.061 0.061 641 687
32 40 0.061 0.061 687 746
131 142 0.057 0.057 500 530
151 161 0.057 0.057 530 584
178 191 0.057 0.057 584 641
57 63 0.057 0.057 641 687
40 24 0.057 0.057 687 746
131 138 0.096 0.096 500 530
151 174 0.096 0.096 530 584
178 187 0.096 0.096 584 641
57 52 0.096 0.096 641 687
40 17 0.096 0.096 687 746
142 207 0.072 0.072 500 530
161 224 0.072 0.072 530 584
191 247 0.072 0.072 584 641
63 126 0.072 0.072 641 687
24 96 0.072 0.072 687 746
129 207 0.057 0.057 500 530
145 224 0.057 0.057 530 584
176 247 0.057 0.057 584 641
184 126 0.057 0.057 641 687
49 96 0.057 0.057 687 746
138 207 0.05 0.05 500 530
174 224 0.05 0.05 530 584
187 247 0.05 0.05 584 641
52 126 0.05 0.05 641 687
17 96 0.05 0.05 687 746
143 207 0.089 0.089 500 530
160 224 0.089 0.089 530 584
183 247 0.089 0.089 584 641
62 126 0.089 0.089 641 687
32 96 0.089 0.089 687 746
207 130 0.068 0.068 500 530
224 150 0.068 0.068 530 584
247 177 0.068 0.068 584 641
126 56 0.068 0.068 641 687
96 48 0.068 0.068 687 746
138 202 0.098 0.098 500 530
174 238 0.098 0.098 530 584
187 251 0.098 0.098 584 641
52 116 0.098 0.098 641 687
17 81 0.098 0.098 687 746
207 202 0.061 0.061 500 530
224 238 0.061 0.061 530 584
247 251 0.061 0.061 584 641
126 116 0.061 0.061 641 687
96 81 0.061 0.061 687 746
130 137 0.09 0.09 500 530
150 169 0.09 0.09 530 584
177 186 0.09 0.09 584 641
56 51 0.09 0.09 641 687
48 16 0.09 0.09 687 746
130 132 0.057 0.057 500 530
150 159 0.057 0.057 530 584
177 179 0.057 0.057 584 641
56 58 0.057 0.057 641 687
48 41 0.057 0.057 687 746
132 196 0.058 0.058 500 530
159 223 0.058 0.058 530 584
179 243 0.058 0.058 584 641
58 122 0.058 0.058 641 687
41 105 0.058 0.058 687 746
132 195 0.053 0.053 500 530
159 215 0.053 0.053 530 584
179 242 0.053 0.053 584 641
58 121 0.053 0.053 641 687
41 104 0.053 0.053 687 746
196 206 0.061 0.061 500 530
223 225 0.061 0.061 530 584
243 255 0.061 0.061 584 641
122 127 0.061 0.061 641 687
105 88 0.061 0.061 687 746
142 206 0.09 0.09 500 530
161 225 0.09 0.09 530 584
191 255 0.09 0.09 584 641
63 127 0.09 0.09 641 687
24 88 0.09 0.09 687 746
202 206 0.064 0.064 500 530
238 225 0.064 0.064 530 584
251 255 0.064 0.064 584 641
116 127 0.064 0.064 641 687
81 88 0.064 0.064 687 746
129 206 0.057 0.057 500 530
145 225 0.057 0.057 530 584
176 255 0.057 0.057 584 641
184 127 0.057 0.057 641 687
49 88 0.057 0.057 687 746
202 194 0.092 0.092 500 530
238 214 0.092 0.092 530 584
251 241 0.092 0.092 584 641
116 120 0.092 0.092 641 687
81 112 0.092 0.092 687 746
137 133 0.054 0.054 500 530
169 158 0.054 0.054 530 584
186 180 0.054 0.054 584 641
51 59 0.054 0.054 641 687
16 46 0.054 0.054 687 746
133 197 0.059 0.059 500 530
158 222 0.059 0.059 530 584
180 244 0.059 0.059 584 641
59 123 0.059 0.059 641 687
46 110 0.059 0.059 687 746
133 201 0.07 0.07 500 530
158 233 0.07 0.07 530 584
180 250 0.07 0.07 584 641
59 115 0.07 0.07 641 687
46 80 0.07 0.07 687 746
195 201 0.056 0.056 500 530
215 233 0.056 0.056 530 584
242 250 0.056 0.056 584 641
121 115 0.056 0.056 641 687
104 80 0.056 0.056 687 746
137 201 0.098 0.098 500 530
169 233 0.098 0.098 530 584
186 250 0.098 0.098 584 641
51 115 0.098 0.098 641 687
16 80 0.098 0.098 687 746
143 137 0.078 0.078 584 641
152 174 0.078 0.078 641 687
182 187 0.078 0.078 687 746
61 52 0.078 0.078 746 754
39 17 0.078 0.078 754 841
7 1 0.078 0.078 841 900
137 201 0.097 0.097 584 641
174 238 0.097 0.097 641 687
187 251 0.097 0.097 687 746
52 116 0.097 0.097 746 754
17 81 0.097 0.097 754 841
1 65 0.097 0.097 841 900
137 130 0.066 0.066 584 641
174 145 0.066 0.066 641 687
187 176 0.066 0.066 687 746
52 184 0.066 0.066 746 754
17 49 0.066 0.066 754 841
1 10 0.066 0.066 841 900
201 142 0.076 0.076 584 641
238 160 0.076 0.076 641 687
251 183 0.076 0.076 687 746
116 62 0.076 0.076 746 754
81 32 0.076 0.076 754 841
65 6 0.076 0.076 841 900
142 138 0.062 0.062 584 641
160 175 0.062 0.062 641 687
183 188 0.062 0.062 687 746
62 53 0.062 0.062 746 754
32 22 0.062 0.062 754 841
6 2 0.062 0.062 841 900
142 206 0.088 0.088 584 641
160 224 0.088 0.088 641 687
183 247 0.088 0.088 687 746
62 126 0.088 0.088 746 754
32 96 0.088 0.088 754 841
6 70 0.088 0.088 841 900
201 140 0.056 0.056 584 641
238 166 0.056 0.056 641 687
251 190 0.056 0.056 687 746
116 55 0.056 0.056 746 754
81 31 0.056 0.056 754 841
65 4 0.056 0.056 841 900
206 140 0.079 0.079 584 641
224 166 0.079 0.079 641 687
247 190 0.079 0.079 687 746
126 55 0.079 0.079 746 754
96 31 0.079 0.079 754 841
70 4 0.079 0.079 841 900
130 140 0.064 0.064 584 641
145 166 0.064 0.064 641 687
176 190 0.064 0.064 687 746
184 55 0.064 0.064 746 754
49 31 0.064 0.064 754 841
10 4 0.064 0.064 841 900
140 195 0.076 0.076 584 641
166 214 0.076 0.076 641 687
190 241 0.076 0.076 687 746
55 120 0.076 0.076 746 754
31 112 0.076 0.076 754 841
4 75 0.076 0.076 841 900
140 204 0.09 0.09 584 641
166 230 0.09 0.09 641 687
190 254 0.09 0.09 687 746
55 119 0.09 0.09 746 754
31 95 0.09 0.09 754 841
4 68 0.09 0.09 841 900
195 141 0.078 0.078 584 641
214 161 0.078 0.078 641 687
241 191 0.078 0.078 687 746
120 63 0.078 0.078 746 754
112 24 0.078 0.078 754 841
75 5 0.078 0.078 841 900
138 129 0.055 0.055 584 641
175 144 0.055 0.055 641 687
188 168 0.055 0.055 687 746
53 185 0.055 0.055 746 754
22 50 0.055 0.055 754 841
2 9 0.055 0.055 841 900
138 202 0.096 0.096 584 641
175 239 0.096 0.096 641 687
188 252 0.096 0.096 687 746
53 117 0.096 0.096 746 754
22 86 0.096 0.096 754 841
2 66 0.096 0.096 841 900
202 135 0.077 0.077 584 641
239 153 0.077 0.077 641 687
252 181 0.077 0.077 687 746
117 60 0.077 0.077 746 754
86 47 0.077 0.077 754 841
66 15 0.077 0.077 841 900
195 135 0.052 0.052 584 641
214 153 0.052 0.052 641 687
241 181 0.052 0.052 687 746
120 60 0.052 0.052 746 754
112 47 0.052 0.052 754 841
75 15 0.052 0.052 841 900
129 135 0.057 0.057 584 641
144 153 0.057 0.057 641 687
168 181 0.057 0.057 687 746
185 60 0.057 0.057 746 754
50 47 0.057 0.057 754 841
9 15 0.057 0.057 841 900
141 135 0.058 0.058 584 641
161 153 0.058 0.058 641 687
191 181 0.058 0.058 687 746
63 60 0.058 0.058 746 754
24 47 0.058 0.058 754 841
5 15 0.058 0.058 841 900
141 205 0.089 0.089 584 641
161 225 0.089 0.089 641 687
191 255 0.089 0.089 687 746
63 127 0.089 0.089 746 754
24 88 0.089 0.089 754 841
5 69 0.089 0.089 841 900
206 205 0.078 0.078 584 641
224 225 0.078 0.078 641 687
247 255 0.078 0.078 687 746
126 127 0.078 0.078 746 754
96 88 0.078 0.078 754 841
70 69 0.078 0.078 841 900
205 207 0.078 0.078 584 641
225 216 0.078 0.078 641 687
255 246 0.078 0.078 687 746
127 125 0.078 0.078 746 754
88 103 0.078 0.078 754 841
69 71 0.078 0.078 841 900
204 207 0.056 0.056 584 641
230 216 0.056 0.056 641 687
254 246 0.056 0.056 687 746
119 125 0.056 0.056 746 754
95 103 0.056 0.056 754 841
68 71 0.056 0.056 841 900
143 207 0.087 0.087 584 641
152 216 0.087 0.087 641 687
182 246 0.087 0.087 687 746
61 125 0.087 0.087 746 754
39 103 0.087 0.087 754 841
7 71 0.087 0.087 841 900
202 207 0.077 0.077 584 641
239 216 0.077 0.077 641 687
252 246 0.077 0.077 687 746
117 125 0.077 0.077 746 754
86 103 0.077 0.077 754 841
66 71 0.077 0.077 841 900
205 199 0.05 0.05 584 641
225 217 0.05 0.05 641 687
255 245 0.05 0.05 687 746
127 124 0.05 0.05 746 754
88 111 0.05 0.05 754 841
69 79 0.05 0.05 841 900
135 199 0.084 0.084 584 641
153 217 0.084 0.084 641 687
181 245 0.084 0.084 687 746
60 124 0.084 0.084 746 754
47 111 0.084 0.084 754 841
15 79 0.084 0.084 841 900
207 131 0.077 0.077 584 641
216 150 0.077 0.077 641 687
246 177 0.077 0.077 687 746
125 56 0.077 0.077 746 754
103 48 0.077 0.077 754 841
71 11 0.077 0.077 841 900
199 131 0.081 0.081 584 641
217 150 0.081 0.081 641 687
245 177 0.081 0.081 687 746
124 56 0.081 0.081 746 754
111 48 0.081 0.081 754 841
79 11 0.081 0.081 841 900
207 136 0.085 0.085 584 641
216 169 0.085 0.085 641 687
246 186 0.085 0.085 687 746
125 51 0.085 0.085 746 754
103 16 0.085 0.085 754 841
71 0 0.085 0.085 841 900
129 136 0.061 0.061 584 641
144 169 0.061 0.061 641 687
168 186 0.061 0.061 687 746
185 51 0.061 0.061 746 754
50 16 0.061 0.061 754 841
9 0 0.061 0.061 841 900
136 139 0.052 0.052 584 641
169 167 0.052 0.052 641 687
186 189 0.052 0.052 687 746
51 54 0.052 0.052 746 754
16 23 0.052 0.052 754 841
0 3 0.052 0.052 841 900
131 139 0.076 0.076 584 641
150 167 0.076 0.076 641 687
177 189 0.076 0.076 687 746
56 54 0.076 0.076 746 754
48 23 0.076 0.076 754 841
11 3 0.076 0.076 841 900
130 139 0.083 0.083 584 641
145 167 0.083 0.083 641 687
176 189 0.083 0.083 687 746
184 54 0.083 0.083 746 754
49 23 0.083 0.083 754 841
10 3 0.083 0.083 841 900
139 193 0.08 0.08 584 641
167 208 0.08 0.08 641 687
189 232 0.08 0.08 687 746
54 249 0.08 0.08 746 754
23 114 0.08 0.08 754 841
3 73 0.08 0.08 841 900
139 203 0.091 0.091 584 641
167 231 0.091 0.091 641 687
189 253 0.091 0.091 687 746
54 118 0.091 0.091 746 754
23 87 0.091 0.091 754 841
3 67 0.091 0.091 841 900
203 132 0.062 0.062 584 641
231 151 0.062 0.062 641 687
253 178 0.062 0.062 687 746
118 57 0.062 0.062 746 754
87 40 0.062 0.062 754 841
67 12 0.062 0.062 841 900
203 194 0.059 0.059 584 641
231 209 0.059 0.059 641 687
253 240 0.059 0.059 687 746
118 248 0.059 0.059 746 754
87 113 0.059 0.059 754 841
67 74 0.059 0.059 841 900
136 200 0.098 0.098 584 641
169 233 0.098 0.098 641 687
186 250 0.098 0.098 687 746
51 115 0.098 0.098 746 754
16 80 0.098 0.098 754 841
0 64 0.098 0.098 841 900
135 200 0.052 0.052 584 641
153 233 0.052 0.052 641 687
181 250 0.052 0.052 687 746
60 115 0.052 0.052 746 754
47 80 0.052 0.052 754 841
15 64 0.052 0.052 841 900
193 134 0.062 0.062 584 641
208 158 0.062 0.062 641 687
232 180 0.062 0.062 687 746
249 59 0.062 0.062 746 754
114 46 0.062 0.062 754 841
73 14 0.062 0.062 841 900
199 134 0.08 0.08 584 641
217 158 0.08 0.08 641 687
245 180 0.08 0.08 687 746
124 59 0.08 0.08 746 754
111 46 0.08 0.08 754 841
79 14 0.08 0.08 841 900
132 196 0.054 0.054 584 641
151 215 0.054 0.054 641 687
178 242 0.054 0.054 687 746
57 121 0.054 0.054 746 754
40 104 0.054 0.054 754 841
12 76 0.054 0.054 841 900
134 133 0.05 0.05 584 641
158 159 0.05 0.05 641 687
180 179 0.05 0.05 687 746
59 58 0.05 0.05 746 754
46 41 0.05 0.05 754 841
14 13 0.05 0.05 841 900
134 198 0.083 0.083 584 641
158 222 0.083 0.083 641 687
180 244 0.083 0.083 687 746
59 123 0.083 0.083 746 754
46 110 0.083 0.083 754 841
14 78 0.083 0.083 841 900
133 197 0.064 0.064 584 641
159 223 0.064 0.064 641 687
179 243 0.064 0.064 687 746
58 122 0.064 0.064 746 754
41 105 0.064 0.064 754 841
13 77 0.064 0.064 841 900
134 135 0.075 0.075 163 174
141 140 0.075 0.075 174 174
137 136 0.075 0.075 174 179
150 151 0.075 0.075 179 186
166 167 0.075 0.075 186 198
169 168 0.075 0.075 198 200
178 179 0.075 0.075 200 255
57 58 0.075 0.075 255 256
54 53 0.075 0.075 256 261
41 46 0.075 0.075 261 278
22 17 0.075 0.075 278 281
3 2 0.075 0.075 281 297
135 133 0.079 0.079 163 174
140 142 0.079 0.079 174 174
136 138 0.079 0.079 174 179
151 145 0.079 0.079 179 186
167 161 0.079 0.079 186 198
168 174 0.079 0.079 198 200
179 177 0.079 0.079 200 255
58 56 0.079 0.079 255 256
53 55 0.079 0.079 256 261
46 40 0.079 0.079 261 278
17 23 0.079 0.079 278 281
2 4 0.079 0.079 281 297
135 199 0.087 0.087 163 174
140 204 0.087 0.087 174 174
136 200 0.087 0.087 174 179
151 215 0.087 0.087 179 186
167 231 0.087 0.087 186 198
168 232 0.087 0.087 198 200
179 243 0.087 0.087 200 255
58 122 0.087 0.087 255 256
53 117 0.087 0.087 256 261
46 110 0.087 0.087 261 278
17 81 0.087 0.087 278 281
2 66 0.087 0.087 281 297
133 195 0.075 0.075 163 174
142 199 0.075 0.075 174 174
138 204 0.075 0.075 174 179
145 200 0.075 0.075 179 186
161 216 0.075 0.075 186 198
174 231 0.075 0.075 198 200
177 232 0.075 0.075 200 255
56 249 0.075 0.075 255 256
55 126 0.075 0.075 256 261
40 113 0.075 0.075 261 278
23 88 0.075 0.075 278 281
4 70 0.075 0.075 281 297
133 197 0.085 0.085 163 174
142 206 0.085 0.085 174 174
138 202 0.085 0.085 174 179
145 209 0.085 0.085 179 186
161 225 0.085 0.085 186 198
174 238 0.085 0.085 198 200
177 241 0.085 0.085 200 255
56 120 0.085 0.085 255 256
55 119 0.085 0.085 256 261
40 104 0.085 0.085 261 278
23 87 0.085 0.085 278 281
4 68 0.085 0.085 281 297
134 198 0.086 0.086 163 174
141 205 0.086 0.086 174 174
137 201 0.086 0.086 174 179
150 214 0.086 0.086 179 186
166 230 0.086 0.086 186 198
169 233 0.086 0.086 198 200
178 242 0.086 0.086 200 255
57 121 0.086 0.086 255 256
54 118 0.086 0.086 256 261
41 105 0.086 0.086 261 278
22 86 0.086 0.086 278 281
3 67 0.086 0.086 281 297
198 142 0.054 0.054 163 174
205 138 0.054 0.054 174 174
201 145 0.054 0.054 174 179
214 158 0.054 0.054 179 186
230 174 0.054 0.054 186 198
233 177 0.054 0.054 198 200
242 181 0.054 0.054 200 255
121 60 0.054 0.054 255 256
118 51 0.054 0.054 256 261
105 39 0.054 0.054 261 278
86 8 0.054 0.054 278 281
67 0 0.054 0.054 281 297
199 143 0.091 0.091 163 174
204 139 0.091 0.091 174 174
200 144 0.091 0.091 174 179
215 159 0.091 0.091 179 186
231 175 0.091 0.091 186 198
232 176 0.091 0.091 198 200
243 180 0.091 0.091 200 255
122 59 0.091 0.091 255 256
117 52 0.091 0.091 256 261
110 47 0.091 0.091 261 278
81 16 0.091 0.091 278 281
66 1 0.091 0.091 281 297
198 143 0.058 0.058 163 174
205 139 0.058 0.058 174 174
201 144 0.058 0.058 174 179
214 159 0.058 0.058 179 186
230 175 0.058 0.058 186 198
233 176 0.058 0.058 198 200
242 180 0.058 0.058 200 255
121 59 0.058 0.058 255 256
118 52 0.058 0.058 256 261
105 47 0.058 0.058 261 278
86 16 0.058 0.058 278 281
67 1 0.058 0.058 281 297
142 206 0.095 0.095 163 174
138 202 0.095 0.095 174 174
145 209 0.095 0.095 174 179
158 222 0.095 0.095 179 186
174 238 0.095 0.095 186 198
177 241 0.095 0.095 198 200
181 245 0.095 0.095 200 255
60 124 0.095 0.095 255 256
51 115 0.095 0.095 256 261
39 103 0.095 0.095 261 278
8 72 0.095 0.095 278 281
0 64 0.095 0.095 281 297
143 206 0.068 0.068 163 174
139 202 0.068 0.068 174 174
144 209 0.068 0.068 174 179
159 222 0.068 0.068 179 186
175 238 0.068 0.068 186 198
176 241 0.068 0.068 198 200
180 245 0.068 0.068 200 255
59 124 0.068 0.068 255 256
52 115 0.068 0.068 256 261
47 103 0.068 0.068 261 278
16 72 0.068 0.068 278 281
1 64 0.068 0.068 281 297
206 130 0.067 0.067 163 174
202 134 0.067 0.067 174 174
209 141 0.067 0.067 174 179
222 137 0.067 0.067 179 186
238 153 0.067 0.067 186 198
241 166 0.067 0.067 198 200
245 169 0.067 0.067 200 255
124 186 0.067 0.067 255 256
115 61 0.067 0.067 256 261
103 50 0.067 0.067 261 278
72 32 0.067 0.067 278 281
64 7 0.067 0.067 281 297
206 132 0.055 0.055 163 174
202 143 0.055 0.055 174 174
209 139 0.055 0.055 174 179
222 144 0.055 0.055 179 186
238 160 0.055 0.055 186 198
241 175 0.055 0.055 198 200
245 176 0.055 0.055 200 255
124 184 0.055 0.055 255 256
115 63 0.055 0.055 256 261
103 48 0.055 0.055 261 278
72 31 0.055 0.055 278 281
64 5 0.055 0.055 281 297
199 131 0.057 0.057 163 174
204 135 0.057 0.057 174 174
200 140 0.057 0.057 174 179
215 136 0.057 0.057 179 186
231 152 0.057 0.057 186 198
232 167 0.057 0.057 198 200
243 168 0.057 0.057 200 255
122 185 0.057 0.057 255 256
117 62 0.057 0.057 256 261
110 49 0.057 0.057 261 278
81 24 0.057 0.057 278 281
66 6 0.057 0.057 281 297
142 131 0.051 0.051 163 174
138 135 0.051 0.051 174 174
145 140 0.051 0.051 174 179
158 136 0.051 0.051 179 186
174 152 0.051 0.051 186 198
177 167 0.051 0.051 198 200
181 168 0.051 0.051 200 255
60 185 0.051 0.051 255 256
51 62 0.051 0.051 256 261
39 49 0.051 0.051 261 278
8 24 0.051 0.051 278 281
0 6 0.051 0.051 281 297
131 207 0.081 0.081 163 174
135 203 0.081 0.081 174 174
140 208 0.081 0.081 174 179
136 223 0.081 0.081 179 186
152 239 0.081 0.081 186 198
167 240 0.081 0.081 198 200
168 244 0.081 0.081 200 255
185 123 0.081 0.081 255 256
62 116 0.081 0.081 256 261
49 111 0.081 0.081 261 278
24 80 0.081 0.081 278 281
6 65 0.081 0.081 281 297
143 207 0.091 0.091 163 174
139 203 0.091 0.091 174 174
144 208 0.091 0.091 174 179
159 223 0.091 0.091 179 186
175 239 0.091 0.091 186 198
176 240 0.091 0.091 198 200
180 244 0.091 0.091 200 255
59 123 0.091 0.091 255 256
52 116 0.091 0.091 256 261
47 111 0.091 0.091 261 278
16 80 0.091 0.091 278 281
1 65 0.091 0.091 281 297
197 207 0.074 0.074 163 174
206 203 0.074 0.074 174 174
202 208 0.074 0.074 174 179
209 223 0.074 0.074 179 186
225 239 0.074 0.074 186 198
238 240 0.074 0.074 198 200
241 244 0.074 0.074 200 255
120 123 0.074 0.074 255 256
119 116 0.074 0.074 256 261
104 111 0.074 0.074 261 278
87 80 0.074 0.074 278 281
68 65 0.074 0.074 281 297
132 196 0.08 0.08 163 174
143 207 0.08 0.08 174 174
139 203 0.08 0.08 174 179
144 208 0.08 0.08 179 186
160 224 0.08 0.08 186 198
175 239 0.08 0.08 198 200
176 240 0.08 0.08 200 255
184 248 0.08 0.08 255 256
63 127 0.08 0.08 256 261
48 112 0.08 0.08 261 278
31 95 0.08 0.08 278 281
5 69 0.08 0.08 281 297
130 196 0.065 0.065 163 174
134 207 0.065 0.065 174 174
141 203 0.065 0.065 174 179
137 208 0.065 0.065 179 186
153 224 0.065 0.065 186 198
166 239 0.065 0.065 198 200
169 240 0.065 0.065 200 255
186 248 0.065 0.065 255 256
61 127 0.065 0.065 256 261
50 112 0.065 0.065 261 278
32 95 0.065 0.065 278 281
7 69 0.065 0.065 281 297
141 205 0.094 0.094 186 198
137 201 0.094 0.094 198 200
150 214 0.094 0.094 200 242
153 217 0.094 0.094 242 255
181 245 0.094 0.094 255 256
186 250 0.094 0.094 256 261
61 125 0.094 0.094 261 277
54 118 0.094 0.094 277 278
41 105 0.094 0.094 278 281
12 76 0.094 0.094 281 297
3 67 0.094 0.094 297 327
205 135 0.086 0.086 186 198
201 140 0.086 0.086 198 200
214 136 0.086 0.086 200 242
217 151 0.086 0.086 242 255
245 178 0.086 0.086 255 256
250 189 0.086 0.086 256 261
125 58 0.086 0.086 261 277
118 62 0.086 0.086 277 278
105 49 0.086 0.086 278 281
76 9 0.086 0.086 281 297
67 6 0.086 0.086 297 327
135 140 0.077 0.077 186 198
140 136 0.077 0.077 198 200
136 151 0.077 0.077 200 242
151 152 0.077 0.077 242 255
178 182 0.077 0.077 255 256
189 185 0.077 0.077 256 261
58 62 0.077 0.077 261 277
62 53 0.077 0.077 277 278
49 46 0.077 0.077 278 281
9 13 0.077 0.077 281 297
6 2 0.077 0.077 297 327
141 140 0.052 0.052 186 198
137 136 0.052 0.052 198 200
150 151 0.052 0.052 200 242
153 152 0.052 0.052 242 255
181 182 0.052 0.052 255 256
186 185 0.052 0.052 256 261
61 62 0.052 0.052 261 277
54 53 0.052 0.052 277 278
41 46 0.052 0.052 278 281
12 13 0.052 0.052 281 297
3 2 0.052 0.052 297 327
140 204 0.096 0.096 186 198
136 200 0.096 0.096 198 200
151 215 0.096 0.096 200 242
152 216 0.096 0.096 242 255
182 246 0.096 0.096 255 256
185 249 0.096 0.096 256 261
62 126 0.096 0.096 261 277
53 117 0.096 0.096 277 278
46 110 0.096 0.096 278 281
13 77 0.096 0.096 281 297
2 66 0.096 0.096 297 327
204 143 0.089 0.089 186 198
200 139 0.089 0.089 198 200
215 144 0.089 0.089 200 242
216 159 0.089 0.089 242 255
246 179 0.089 0.089 255 256
249 188 0.089 0.089 256 261
126 59 0.089 0.089 261 277
117 63 0.089 0.089 277 278
110 48 0.089 0.089 278 281
77 10 0.089 0.089 281 297
66 5 0.089 0.089 297 327
143 198 0.051 0.051 186 198
139 205 0.051 0.051 198 200
144 201 0.051 0.051 200 242
159 214 0.051 0.051 242 255
179 241 0.051 0.051 255 256
188 254 0.051 0.051 256 261
59 121 0.051 0.051 261 277
63 125 0.051 0.051 277 278
48 114 0.051 0.051 278 281
10 72 0.051 0.051 281 297
5 71 0.051 0.051 297 327
143 207 0.069 0.069 186 198
139 203 0.069 0.069 198 200
144 208 0.069 0.069 200 242
159 223 0.069 0.069 242 255
179 243 0.069 0.069 255 256
188 252 0.069 0.069 256 261
59 123 0.069 0.069 261 277
63 127 0.069 0.069 277 278
48 112 0.069 0.069 278 281
10 74 0.069 0.069 281 297
5 69 0.069 0.069 297 327
204 199 0.065 0.065 186 198
200 204 0.065 0.065 198 200
215 200 0.065 0.065 200 242
216 215 0.065 0.065 242 255
246 242 0.065 0.065 255 256
249 253 0.065 0.065 256 261
126 122 0.065 0.065 261 277
117 126 0.065 0.065 277 278
110 113 0.065 0.065 278 281
77 73 0.065 0.065 281 297
66 70 0.065 0.065 297 327
140 199 0.086 0.086 186 198
136 204 0.086 0.086 198 200
151 200 0.086 0.086 200 242
152 215 0.086 0.086 242 255
182 242 0.086 0.086 255 256
185 253 0.086 0.086 256 261
62 122 0.086 0.086 261 277
53 126 0.086 0.086 277 278
46 113 0.086 0.086 278 281
13 73 0.086 0.086 281 297
2 70 0.086 0.086 297 327
135 199 0.068 0.068 186 198
140 204 0.068 0.068 198 200
136 200 0.068 0.068 200 242
151 215 0.068 0.068 242 255
178 242 0.068 0.068 255 256
189 253 0.068 0.068 256 261
58 122 0.068 0.068 261 277
62 126 0.068 0.068 277 278
49 113 0.068 0.068 278 281
9 73 0.068 0.068 281 297
6 70 0.068 0.068 297 327
198 138 0.06 0.06 186 198
205 145 0.06 0.06 198 200
201 158 0.06 0.06 200 242
214 161 0.06 0.06 242 255
241 191 0.06 0.06 255 256
254 56 0.06 0.06 256 261
121 55 0.06 0.06 261 277
125 51 0.06 0.06 277 278
114 39 0.06 0.06 278 281
72 15 0.06 0.06 281 297
71 0 0.06 0.06 297 327
205 138 0.091 0.091 186 198
201 145 0.091 0.091 198 200
214 158 0.091 0.091 200 242
217 161 0.091 0.091 242 255
245 191 0.091 0.091 255 256
250 56 0.091 0.091 256 261
125 55 0.091 0.091 261 277
118 51 0.091 0.091 277 278
105 39 0.091 0.091 278 281
76 15 0.091 0.091 281 297
67 0 0.091 0.091 297 327
207 138 0.081 0.081 186 198
203 145 0.081 0.081 198 200
208 158 0.081 0.081 200 242
223 161 0.081 0.081 242 255
243 191 0.081 0.081 255 256
252 56 0.081 0.081 256 261
123 55 0.081 0.081 261 277
127 51 0.081 0.081 277 278
112 39 0.081 0.081 278 281
74 15 0.081 0.081 281 297
69 0 0.081 0.081 297 327
199 202 0.062 0.062 186 198
204 209 0.062 0.062 198 200
200 222 0.062 0.062 200 242
215 225 0.062 0.062 242 255
242 255 0.062 0.062 255 256
253 120 0.062 0.062 256 261
122 119 0.062 0.062 261 277
126 115 0.062 0.062 277 278
113 103 0.062 0.062 278 281
73 79 0.062 0.062 281 297
70 64 0.062 0.062 297 327
198 202 0.06 0.06 186 198
205 209 0.06 0.06 198 200
201 222 0.06 0.06 200 242
214 225 0.06 0.06 242 255
241 255 0.06 0.06 255 256
254 120 0.06 0.06 256 261
121 119 0.06 0.06 261 277
125 115 0.06 0.06 277 278
114 103 0.06 0.06 278 281
72 79 0.06 0.06 281 297
71 64 0.06 0.06 297 327
207 202 0.073 0.073 186 198
203 209 0.073 0.073 198 200
208 222 0.073 0.073 200 242
223 225 0.073 0.073 242 255
243 255 0.073 0.073 255 256
252 120 0.073 0.073 256 261
123 119 0.073 0.073 261 277
127 115 0.073 0.073 277 278
112 103 0.073 0.073 278 281
74 79 0.073 0.073 281 297
69 64 0.073 0.073 297 327
138 202 0.099 0.099 186 198
145 209 0.099 0.099 198 200
158 222 0.099 0.099 200 242
161 225 0.099 0.099 242 255
191 255 0.099 0.099 255 256
56 120 0.099 0.099 256 261
55 119 0.099 0.099 261 277
51 115 0.099 0.099 277 278
39 103 0.099 0.099 278 281
15 79 0.099 0.099 281 297
0 64 0.099 0.099 297 327
199 139 0.051 0.051 186 198
204 144 0.051 0.051 198 200
200 159 0.051 0.051 200 242
215 160 0.051 0.051 242 255
242 183 0.051 0.051 255 256
253 184 0.051 0.051 256 261
122 63 0.051 0.051 261 277
126 52 0.051 0.051 277 278
113 47 0.051 0.051 278 281
73 14 0.051 0.051 281 297
70 1 0.051 0.051 297 327
202 139 0.083 0.083 186 198
209 144 0.083 0.083 198 200
222 159 0.083 0.083 200 242
225 160 0.083 0.083 242 255
255 183 0.083 0.083 255 256
120 184 0.083 0.083 256 261
119 63 0.083 0.083 261 277
115 52 0.083 0.083 277 278
103 47 0.083 0.083 278 281
79 14 0.083 0.083 281 297
64 1 0.083 0.083 297 327
139 142 0.087 0.087 186 198
144 138 0.087 0.087 198 200
159 145 0.087 0.087 200 242
160 158 0.087 0.087 242 255
183 180 0.087 0.087 255 256
184 187 0.087 0.087 256 261
63 60 0.087 0.087 261 277
52 55 0.087 0.087 277 278
47 40 0.087 0.087 278 281
14 11 0.087 0.087 281 297
1 4 0.087 0.087 297 327
139 203 0.097 0.097 186 198
144 208 0.097 0.097 198 200
159 223 0.097 0.097 200 242
160 224 0.097 0.097 242 255
183 247 0.097 0.097 255 256
184 248 0.097 0.097 256 261
63 127 0.097 0.097 261 277
52 116 0.097 0.097 277 278
47 111 0.097 0.097 278 281
14 78 0.097 0.097 281 297
1 65 0.097 0.097 297 327
142 134 0.072 0.072 186 198
138 141 0.072 0.072 198 200
145 137 0.072 0.072 200 242
158 150 0.072 0.072 242 255
180 177 0.072 0.072 255 256
187 190 0.072 0.072 256 261
60 57 0.072 0.072 261 277
55 61 0.072 0.072 277 278
40 50 0.072 0.072 278 281
11 8 0.072 0.072 281 297
4 7 0.072 0.072 297 327
142 206 0.072 0.072 186 198
138 202 0.072 0.072 198 200
145 209 0.072 0.072 200 242
158 222 0.072 0.072 242 255
180 244 0.072 0.072 255 256
187 251 0.072 0.072 256 261
60 124 0.072 0.072 261 277
55 119 0.072 0.072 277 278
40 104 0.072 0.072 278 281
11 75 0.072 0.072 281 297
4 68 0.072 0.072 297 327
133 143 0.057 0.057 641 687
159 152 0.057 0.057 687 746
179 182 0.057 0.057 746 754
58 61 0.057 0.057 754 841
46 32 0.057 0.057 841 900
13 7 0.057 0.057 900 992
133 197 0.068 0.068 641 687
159 223 0.068 0.068 687 746
179 243 0.068 0.068 746 754
58 122 0.068 0.068 754 841
46 110 0.068 0.068 841 900
13 77 0.068 0.068 900 992
143 207 0.083 0.083 641 687
152 216 0.083 0.083 687 746
182 246 0.083 0.083 746 754
61 125 0.083 0.083 754 841
32 96 0.083 0.083 841 900
7 71 0.083 0.083 900 992
143 130 0.069 0.069 641 687
152 145 0.069 0.069 687 746
182 176 0.069 0.069 746 754
61 184 0.069 0.069 754 841
32 48 0.069 0.069 841 900
7 10 0.069 0.069 900 992
130 138 0.08 0.08 641 687
145 175 0.08 0.08 687 746
176 188 0.08 0.08 746 754
184 53 0.08 0.08 754 841
48 17 0.08 0.08 841 900
10 2 0.08 0.08 900 992
197 202 0.061 0.061 641 687
223 239 0.061 0.061 687 746
243 252 0.061 0.061 746 754
122 117 0.061 0.061 754 841
110 81 0.061 0.061 841 900
77 66 0.061 0.061 900 992
138 202 0.098 0.098 641 687
175 239 0.098 0.098 687 746
188 252 0.098 0.098 746 754
53 117 0.098 0.098 754 841
17 81 0.098 0.098 841 900
2 66 0.098 0.098 900 992
207 202 0.056 0.056 641 687
216 239 0.056 0.056 687 746
246 252 0.056 0.056 746 754
125 117 0.056 0.056 754 841
96 81 0.056 0.056 841 900
71 66 0.056 0.056 900 992
202 134 0.071 0.071 641 687
239 158 0.071 0.071 687 746
252 180 0.071 0.071 746 754
117 59 0.071 0.071 754 841
81 47 0.071 0.071 841 900
66 14 0.071 0.071 900 992
202 132 0.062 0.062 641 687
239 151 0.062 0.062 687 746
252 178 0.062 0.062 746 754
117 57 0.062 0.062 754 841
81 41 0.062 0.062 841 900
66 12 0.062 0.062 900 992
132 196 0.057 0.057 641 687
151 215 0.057 0.057 687 746
178 242 0.057 0.057 746 754
57 121 0.057 0.057 754 841
41 105 0.057 0.057 841 900
12 76 0.057 0.057 900 992
138 196 0.062 0.062 641 687
175 215 0.062 0.062 687 746
188 242 0.062 0.062 746 754
53 121 0.062 0.062 754 841
17 105 0.062 0.062 841 900
2 76 0.062 0.062 900 992
130 140 0.05 0.05 641 687
145 166 0.05 0.05 687 746
176 190 0.05 0.05 746 754
184 55 0.05 0.05 754 841
48 23 0.05 0.05 841 900
10 4 0.05 0.05 900 992
207 140 0.062 0.062 641 687
216 166 0.062 0.062 687 746
246 190 0.062 0.062 746 754
125 55 0.062 0.062 754 841
96 23 0.062 0.062 841 900
71 4 0.062 0.062 900 992
196 140 0.08 0.08 641 687
215 166 0.08 0.08 687 746
242 190 0.08 0.08 746 754
121 55 0.08 0.08 754 841
105 23 0.08 0.08 841 900
76 4 0.08 0.08 900 992
134 140 0.05 0.05 641 687
158 166 0.05 0.05 687 746
180 190 0.05 0.05 746 754
59 55 0.05 0.05 754 841
47 23 0.05 0.05 841 900
14 4 0.05 0.05 900 992
197 137 0.085 0.085 641 687
223 174 0.085 0.085 687 746
243 187 0.085 0.085 746 754
122 52 0.085 0.085 754 841
110 16 0.085 0.085 841 900
77 1 0.085 0.085 900 992
140 193 0.061 0.061 641 687
166 208 0.061 0.061 687 746
190 232 0.061 0.061 746 754
55 249 0.061 0.061 754 841
23 113 0.061 0.061 841 900
4 73 0.061 0.061 900 992
132 204 0.068 0.068 641 687
151 230 0.068 0.068 687 746
178 254 0.068 0.068 746 754
57 119 0.068 0.068 754 841
41 87 0.068 0.068 841 900
12 68 0.068 0.068 900 992
196 204 0.064 0.064 641 687
215 230 0.064 0.064 687 746
242 254 0.064 0.064 746 754
121 119 0.064 0.064 754 841
105 87 0.064 0.064 841 900
76 68 0.064 0.064 900 992
140 204 0.095 0.095 641 687
166 230 0.095 0.095 687 746
190 254 0.095 0.095 746 754
55 119 0.095 0.095 754 841
23 87 0.095 0.095 841 900
4 68 0.095 0.095 900 992
204 139 0.086 0.086 641 687
230 167 0.086 0.086 687 746
254 189 0.086 0.086 746 754
119 54 0.086 0.086 754 841
87 22 0.086 0.086 841 900
68 3 0.086 0.086 900 992
204 129 0.052 0.052 641 687
230 144 0.052 0.052 687 746
254 168 0.052 0.052 746 754
119 185 0.052 0.052 754 841
87 49 0.052 0.052 841 900
68 9 0.052 0.052 900 992
129 198 0.071 0.071 641 687
144 222 0.071 0.071 687 746
168 244 0.071 0.071 746 754
185 123 0.071 0.071 754 841
49 111 0.071 0.071 841 900
9 78 0.071 0.071 900 992
193 198 0.054 0.054 641 687
208 222 0.054 0.054 687 746
232 244 0.054 0.054 746 754
249 123 0.054 0.054 754 841
113 111 0.054 0.054 841 900
73 78 0.054 0.054 900 992
137 198 0.065 0.065 641 687
174 222 0.065 0.065 687 746
187 244 0.065 0.065 746 754
52 123 0.065 0.065 754 841
16 111 0.065 0.065 841 900
1 78 0.065 0.065 900 992
134 198 0.073 0.073 641 687
158 222 0.073 0.073 687 746
180 244 0.073 0.073 746 754
59 123 0.073 0.073 754 841
47 111 0.073 0.073 841 900
14 78 0.073 0.073 900 992
137 201 0.098 0.098 641 687
174 238 0.098 0.098 687 746
187 251 0.098 0.098 746 754
52 116 0.098 0.098 754 841
16 80 0.098 0.098 841 900
1 65 0.098 0.098 900 992
139 142 0.091 0.091 641 687
167 160 0.091 0.091 687 746
189 183 0.091 0.091 746 754
54 62 0.091 0.091 754 841
22 24 0.091 0.091 841 900
3 6 0.091 0.091 900 992
142 136 0.082 0.082 641 687
160 169 0.082 0.082 687 746
183 186 0.082 0.082 746 754
62 51 0.082 0.082 754 841
24 8 0.082 0.082 841 900
6 0 0.082 0.082 900 992
142 206 0.09 0.09 641 687
160 224 0.09 0.09 687 746
183 247 0.09 0.09 746 754
62 126 0.09 0.09 754 841
24 88 0.09 0.09 841 900
6 70 0.09 0.09 900 992
206 135 0.062 0.062 641 687
224 153 0.062 0.062 687 746
247 181 0.062 0.062 746 754
126 60 0.062 0.062 754 841
88 39 0.062 0.062 841 900
70 15 0.062 0.062 900 992
139 203 0.097 0.097 641 687
167 231 0.097 0.097 687 746
189 253 0.097 0.097 746 754
54 118 0.097 0.097 754 841
22 86 0.097 0.097 841 900
3 67 0.097 0.097 900 992
201 195 0.06 0.06 641 687
238 214 0.06 0.06 687 746
251 241 0.06 0.06 746 754
116 120 0.06 0.06 754 841
80 104 0.06 0.06 841 900
65 75 0.06 0.06 900 992
198 195 0.069 0.069 641 687
222 214 0.069 0.069 687 746
244 241 0.069 0.069 746 754
123 120 0.069 0.069 754 841
111 104 0.069 0.069 841 900
78 75 0.069 0.069 900 992
193 141 0.054 0.054 641 687
208 161 0.054 0.054 687 746
232 191 0.054 0.054 746 754
249 63 0.054 0.054 754 841
113 31 0.054 0.054 841 900
73 5 0.054 0.054 900 992
203 141 0.088 0.088 641 687
231 161 0.088 0.088 687 746
253 191 0.088 0.088 746 754
118 63 0.088 0.088 754 841
86 31 0.088 0.088 841 900
67 5 0.088 0.088 900 992
136 141 0.075 0.075 641 687
169 161 0.075 0.075 687 746
186 191 0.075 0.075 746 754
51 63 0.075 0.075 754 841
8 31 0.075 0.075 841 900
0 5 0.075 0.075 900 992
195 141 0.067 0.067 641 687
214 161 0.067 0.067 687 746
241 191 0.067 0.067 746 754
120 63 0.067 0.067 754 841
104 31 0.067 0.067 841 900
75 5 0.067 0.067 900 992
141 131 0.069 0.069 641 687
161 150 0.069 0.069 687 746
191 177 0.069 0.069 746 754
63 56 0.069 0.069 754 841
31 40 0.069 0.069 841 900
5 11 0.069 0.069 900 992
141 205 0.093 0.093 641 687
161 225 0.093 0.093 687 746
191 255 0.093 0.093 746 754
63 127 0.093 0.093 754 841
31 95 0.093 0.093 841 900
5 69 0.093 0.093 900 992
205 200 0.098 0.098 641 687
225 233 0.098 0.098 687 746
255 250 0.098 0.098 746 754
127 115 0.098 0.098 754 841
95 72 0.098 0.098 841 900
69 64 0.098 0.098 900 992
136 200 0.098 0.098 641 687
169 233 0.098 0.098 687 746
186 250 0.098 0.098 746 754
51 115 0.098 0.098 754 841
8 72 0.098 0.098 841 900
0 64 0.098 0.098 900 992
135 194 0.071 0.071 641 687
153 209 0.071 0.071 687 746
181 240 0.071 0.071 746 754
60 248 0.071 0.071 754 841
39 112 0.071 0.071 841 900
15 74 0.071 0.071 900 992
135 199 0.08 0.08 641 687
153 217 0.08 0.08 687 746
181 245 0.08 0.08 746 754
60 124 0.08 0.08 754 841
39 103 0.08 0.08 841 900
15 79 0.08 0.08 900 992
141 205 0.093 0.093 687 746
161 225 0.093 0.093 746 754
191 255 0.093 0.093 754 841
55 119 0.093 0.093 841 900
31 95 0.093 0.093 900 976
205 194 0.078 0.078 687 746
225 209 0.078 0.078 746 754
255 240 0.078 0.078 754 841
119 120 0.078 0.078 841 900
95 112 0.078 0.078 900 976
205 134 0.07 0.07 687 746
225 158 0.07 0.07 746 754
255 180 0.07 0.07 754 841
119 60 0.07 0.07 841 900
95 47 0.07 0.07 900 976
194 136 0.059 0.059 687 746
209 169 0.059 0.059 746 754
240 186 0.059 0.059 754 841
120 50 0.059 0.059 841 900
112 8 0.059 0.059 900 976
141 136 0.065 0.065 687 746
161 169 0.065 0.065 746 754
191 186 0.065 0.065 754 841
55 50 0.065 0.065 841 900
31 8 0.065 0.065 900 976
134 198 0.063 0.063 687 746
158 222 0.063 0.063 746 754
180 244 0.063 0.063 754 841
60 124 0.063 0.063 841 900
47 111 0.063 0.063 900 976
134 200 0.061 0.061 687 746
158 233 0.061 0.061 746 754
180 250 0.061 0.061 754 841
60 114 0.061 0.061 841 900
47 72 0.061 0.061 900 976
136 200 0.099 0.099 687 746
169 233 0.099 0.099 746 754
186 250 0.099 0.099 754 841
50 114 0.099 0.099 841 900
8 72 0.099 0.099 900 976
198 200 0.072 0.072 687 746
222 233 0.072 0.072 746 754
244 250 0.072 0.072 754 841
124 114 0.072 0.072 841 900
111 72 0.072 0.072 900 976
194 200 0.076 0.076 687 746
209 233 0.076 0.076 746 754
240 250 0.076 0.076 754 841
120 114 0.076 0.076 841 900
112 72 0.076 0.076 900 976
200 193 0.078 0.078 687 746
233 208 0.078 0.078 746 754
250 232 0.078 0.078 754 841
114 248 0.078 0.078 841 900
72 113 0.078 0.078 900 976
193 135 0.063 0.063 687 746
208 153 0.063 0.063 746 754
232 181 0.063 0.063 754 841
248 61 0.063 0.063 841 900
113 39 0.063 0.063 900 976
136 135 0.076 0.076 687 746
169 153 0.076 0.076 746 754
186 181 0.076 0.076 754 841
50 61 0.076 0.076 841 900
8 39 0.076 0.076 900 976
200 199 0.083 0.083 687 746
233 217 0.083 0.083 746 754
250 245 0.083 0.083 754 841
114 125 0.083 0.083 841 900
72 103 0.083 0.083 900 976
135 199 0.08 0.08 687 746
153 217 0.08 0.08 746 754
181 245 0.08 0.08 754 841
61 125 0.08 0.08 841 900
39 103 0.08 0.08 900 976
199 143 0.082 0.082 687 746
217 152 0.082 0.082 746 754
245 182 0.082 0.082 754 841
125 62 0.082 0.082 841 900
103 32 0.082 0.082 900 976
143 138 0.095 0.095 687 746
152 175 0.095 0.095 746 754
182 188 0.095 0.095 754 841
62 52 0.095 0.095 841 900
32 17 0.095 0.095 900 976
143 207 0.091 0.091 687 746
152 216 0.091 0.091 746 754
182 246 0.091 0.091 754 841
62 126 0.091 0.091 841 900
32 96 0.091 0.091 900 976
138 202 0.095 0.095 687 746
175 239 0.095 0.095 746 754
188 252 0.095 0.095 754 841
52 116 0.095 0.095 841 900
17 81 0.095 0.095 900 976
198 202 0.059 0.059 687 746
222 239 0.059 0.059 746 754
244 252 0.059 0.059 754 841
124 116 0.059 0.059 841 900
111 81 0.059 0.059 900 976
202 137 0.08 0.08 687 746
239 174 0.08 0.08 746 754
252 187 0.08 0.08 754 841
116 51 0.08 0.08 841 900
81 16 0.08 0.08 900 976
137 201 0.097 0.097 687 746
174 238 0.097 0.097 746 754
187 251 0.097 0.097 754 841
51 115 0.097 0.097 841 900
16 80 0.097 0.097 900 976
193 201 0.074 0.074 687 746
208 238 0.074 0.074 746 754
232 251 0.074 0.074 754 841
248 115 0.074 0.074 841 900
113 80 0.074 0.074 900 976
135 201 0.095 0.095 687 746
153 238 0.095 0.095 746 754
181 251 0.095 0.095 754 841
61 115 0.095 0.095 841 900
39 80 0.095 0.095 900 976
207 132 0.074 0.074 687 746
216 151 0.074 0.074 746 754
246 178 0.074 0.074 754 841
126 58 0.074 0.074 841 900
96 41 0.074 0.074 900 976
132 196 0.054 0.054 687 746
151 215 0.054 0.054 746 754
178 242 0.054 0.054 754 841
58 122 0.054 0.054 841 900
41 105 0.054 0.054 900 976
132 140 0.081 0.081 687 746
151 166 0.081 0.081 746 754
178 190 0.081 0.081 754 841
58 54 0.081 0.081 841 900
41 23 0.081 0.081 900 976
201 140 0.087 0.087 687 746
238 166 0.087 0.087 746 754
251 190 0.087 0.087 754 841
115 54 0.087 0.087 841 900
80 23 0.087 0.087 900 976
140 131 0.071 0.071 687 746
166 150 0.071 0.071 746 754
190 177 0.071 0.071 754 841
54 57 0.071 0.071 841 900
23 40 0.071 0.071 900 976
140 204 0.094 0.094 687 746
166 230 0.094 0.094 746 754
190 254 0.094 0.094 754 841
54 118 0.094 0.094 841 900
23 87 0.094 0.094 900 976
131 195 0.051 0.051 687 746
150 214 0.051 0.051 746 754
177 241 0.051 0.051 754 841
57 121 0.051 0.051 841 900
40 104 0.051 0.051 900 976
199 195 0.075 0.075 687 746
217 214 0.075 0.075 746 754
245 241 0.075 0.075 754 841
125 121 0.075 0.075 841 900
103 104 0.075 0.075 900 976
202 195 0.059 0.059 687 746
239 214 0.059 0.059 746 754
252 241 0.059 0.059 754 841
116 121 0.059 0.059 841 900
81 104 0.059 0.059 900 976
137 142 0.085 0.085 687 746
174 160 0.085 0.085 746 754
187 183 0.085 0.085 754 841
51 63 0.085 0.085 841 900
16 24 0.085 0.085 900 976
196 142 0.06 0.06 687 746
215 160 0.06 0.06 746 754
242 183 0.06 0.06 754 841
122 63 0.06 0.06 841 900
105 24 0.06 0.06 900 976
138 142 0.054 0.054 687 746
175 160 0.054 0.054 746 754
188 183 0.054 0.054 754 841
52 63 0.054 0.054 841 900
17 24 0.054 0.054 900 976
131 142 0.055 0.055 687 746
150 160 0.055 0.055 746 754
177 183 0.055 0.055 754 841
57 63 0.055 0.055 841 900
40 24 0.055 0.055 900 976
201 139 0.092 0.092 687 746
238 167 0.092 0.092 746 754
251 189 0.092 0.092 754 841
115 53 0.092 0.092 841 900
80 22 0.092 0.092 900 976
204 139 0.052 0.052 687 746
230 167 0.052 0.052 746 754
254 189 0.052 0.052 754 841
118 53 0.052 0.052 841 900
87 22 0.052 0.052 900 976
195 139 0.054 0.054 687 746
214 167 0.054 0.054 746 754
241 189 0.054 0.054 754 841
121 53 0.054 0.054 841 900
104 22 0.054 0.054 900 976
139 203 0.094 0.094 687 746
167 231 0.094 0.094 746 754
189 253 0.094 0.094 754 841
53 117 0.094 0.094 841 900
22 86 0.094 0.094 900 976
139 133 0.091 0.091 687 746
167 159 0.091 0.091 746 754
189 179 0.091 0.091 754 841
53 59 0.091 0.091 841 900
22 46 0.091 0.091 900 976
142 206 0.091 0.091 687 746
160 224 0.091 0.091 746 754
183 247 0.091 0.091 754 841
63 127 0.091 0.091 841 900
24 88 0.091 0.091 900 976
133 129 0.052 0.052 687 746
159 144 0.052 0.052 746 754
179 168 0.052 0.052 754 841
59 184 0.052 0.052 841 900
46 49 0.052 0.052 900 976
133 197 0.056 0.056 687 746
159 223 0.056 0.056 746 754
179 243 0.056 0.056 754 841
59 123 0.056 0.056 841 900
46 110 0.056 0.056 900 976
206 130 0.085 0.085 687 746
224 145 0.085 0.085 746 754
247 176 0.085 0.085 754 841
127 56 0.085 0.085 841 900
88 48 0.085 0.085 900 976
131 132 0.055 0.055 83 97
135 143 0.055 0.055 97 100
140 139 0.055 0.055 100 118
136 144 0.055 0.055 118 123
159 158 0.055 0.055 123 130
175 174 0.055 0.055 130 131
180 181 0.055 0.055 131 135
187 186 0.055 0.055 135 135
132 196 0.095 0.095 83 97
143 207 0.095 0.095 97 100
139 203 0.095 0.095 100 118
144 208 0.095 0.095 118 123
158 222 0.095 0.095 123 130
174 238 0.095 0.095 130 131
181 245 0.095 0.095 131 135
186 250 0.095 0.095 135 135
132 130 0.054 0.054 83 97
143 134 0.054 0.054 97 100
139 141 0.054 0.054 100 118
144 137 0.054 0.054 118 123
158 151 0.054 0.054 123 130
174 167 0.054 0.054 130 131
181 179 0.054 0.054 131 135
186 188 0.054 0.054 135 135
130 195 0.064 0.064 83 97
134 199 0.064 0.064 97 100
141 204 0.064 0.064 100 118
137 200 0.064 0.064 118 123
151 223 0.064 0.064 123 130
167 239 0.064 0.064 130 131
179 244 0.064 0.064 131 135
188 251 0.064 0.064 135 135
131 195 0.093 0.093 83 97
135 199 0.093 0.093 97 100
140 204 0.093 0.093 100 118
136 200 0.093 0.093 118 123
159 223 0.093 0.093 123 130
175 239 0.093 0.093 130 131
180 244 0.093 0.093 131 135
187 251 0.093 0.093 135 135
196 195 0.07 0.07 83 97
207 199 0.07 0.07 97 100
203 204 0.07 0.07 100 118
208 200 0.07 0.07 118 123
222 223 0.07 0.07 123 130
238 239 0.07 0.07 130 131
245 244 0.07 0.07 131 135
250 251 0.07 0.07 135 135
195 129 0.053 0.053 83 97
199 133 0.053 0.053 97 100
204 142 0.053 0.053 100 118
200 138 0.053 0.053 118 123
223 150 0.053 0.053 123 130
239 166 0.053 0.053 130 131
244 178 0.053 0.053 131 135
251 189 0.053 0.053 135 135
195 194 0.062 0.062 83 97
199 198 0.062 0.062 97 100
204 205 0.062 0.062 100 118
200 201 0.062 0.062 118 123
223 215 0.062 0.062 123 130
239 231 0.062 0.062 130 131
244 243 0.062 0.062 131 135
251 252 0.062 0.062 135 135
193 143 0.072 0.072 746 754
208 152 0.072 0.072 754 841
240 183 0.072 0.072 841 900
248 62 0.072 0.072 900 976
113 32 0.072 0.072 976 1006
143 207 0.088 0.088 746 754
152 216 0.088 0.088 754 841
183 247 0.088 0.088 841 900
62 126 0.088 0.088 900 976
32 96 0.088 0.088 976 1006
193 207 0.06 0.06 746 754
208 216 0.06 0.06 754 841
240 247 0.06 0.06 841 900
248 126 0.06 0.06 900 976
113 96 0.06 0.06 976 1006
207 139 0.073 0.073 746 754
216 167 0.073 0.073 754 841
247 188 0.073 0.073 841 900
126 53 0.073 0.073 900 976
96 22 0.073 0.073 976 1006
143 203 0.061 0.061 746 754
152 231 0.061 0.061 754 841
183 252 0.061 0.061 841 900
62 117 0.061 0.061 900 976
32 86 0.061 0.061 976 1006
139 203 0.097 0.097 746 754
167 231 0.097 0.097 754 841
188 252 0.097 0.097 841 900
53 117 0.097 0.097 900 976
22 86 0.097 0.097 976 1006
203 133 0.074 0.074 746 754
231 159 0.074 0.074 754 841
252 180 0.074 0.074 841 900
117 59 0.074 0.074 900 976
86 46 0.074 0.074 976 1006
203 135 0.069 0.069 746 754
231 153 0.069 0.069 754 841
252 182 0.069 0.069 841 900
117 61 0.069 0.069 900 976
86 39 0.069 0.069 976 1006
133 197 0.077 0.077 746 754
159 223 0.077 0.077 754 841
180 244 0.077 0.077 841 900
59 123 0.077 0.077 900 976
46 110 0.077 0.077 976 1006
133 194 0.066 0.066 746 754
159 209 0.066 0.066 754 841
180 241 0.066 0.066 841 900
59 120 0.066 0.066 900 976
46 112 0.066 0.066 976 1006
135 199 0.081 0.081 746 754
153 217 0.081 0.081 754 841
182 246 0.081 0.081 841 900
61 125 0.081 0.081 900 976
39 103 0.081 0.081 976 1006
135 136 0.079 0.079 746 754
153 169 0.079 0.079 754 841
182 185 0.079 0.079 841 900
61 50 0.079 0.079 900 976
39 8 0.079 0.079 976 1006
207 136 0.07 0.07 746 754
216 169 0.07 0.07 754 841
247 185 0.07 0.07 841 900
126 50 0.07 0.07 900 976
96 8 0.07 0.07 976 1006
197 136 0.068 0.068 746 754
223 169 0.068 0.068 754 841
244 185 0.068 0.068 841 900
123 50 0.068 0.068 900 976
110 8 0.068 0.068 976 1006
139 136 0.077 0.077 746 754
167 169 0.077 0.077 754 841
188 185 0.077 0.077 841 900
53 50 0.077 0.077 900 976
22 8 0.077 0.077 976 1006
136 140 0.06 0.06 746 754
169 166 0.06 0.06 754 841
185 189 0.06 0.06 841 900
50 54 0.06 0.06 900 976
8 23 0.06 0.06 976 1006
194 140 0.061 0.061 746 754
209 166 0.061 0.061 754 841
241 189 0.061 0.061 841 900
120 54 0.061 0.061 900 976
112 23 0.061 0.061 976 1006
199 140 0.072 0.072 746 754
217 166 0.072 0.072 754 841
246 189 0.072 0.072 841 900
125 54 0.072 0.072 900 976
103 23 0.072 0.072 976 1006
140 134 0.072 0.072 746 754
166 158 0.072 0.072 754 841
189 181 0.072 0.072 841 900
54 60 0.072 0.072 900 976
23 47 0.072 0.072 976 1006
140 204 0.095 0.095 746 754
166 230 0.095 0.095 754 841
189 253 0.095 0.095 841 900
54 118 0.095 0.095 900 976
23 87 0.095 0.095 976 1006
134 198 0.077 0.077 746 754
158 222 0.077 0.077 754 841
181 245 0.077 0.077 841 900
60 124 0.077 0.077 900 976
47 111 0.077 0.077 976 1006
204 200 0.058 0.058 746 754
230 233 0.058 0.058 754 841
253 249 0.058 0.058 841 900
118 114 0.058 0.058 900 976
87 72 0.058 0.058 976 1006
136 200 0.099 0.099 746 754
169 233 0.099 0.099 754 841
185 249 0.099 0.099 841 900
50 114 0.099 0.099 900 976
8 72 0.099 0.099 976 1006
194 200 0.095 0.095 746 754
209 233 0.095 0.095 754 841
241 249 0.095 0.095 841 900
120 114 0.095 0.095 900 976
112 72 0.095 0.095 976 1006
200 131 0.061 0.061 746 754
233 150 0.061 0.061 754 841
249 178 0.061 0.061 841 900
114 57 0.061 0.061 900 976
72 40 0.061 0.061 976 1006
131 195 0.062 0.062 746 754
150 214 0.062 0.062 754 841
178 242 0.062 0.062 841 900
57 121 0.062 0.062 900 976
40 104 0.062 0.062 976 1006
199 132 0.078 0.078 746 754
217 151 0.078 0.078 754 841
246 179 0.078 0.078 841 900
125 58 0.078 0.078 900 976
103 41 0.078 0.078 976 1006
197 138 0.093 0.093 746 754
223 175 0.093 0.093 754 841
244 187 0.093 0.093 841 900
123 52 0.093 0.093 900 976
110 17 0.093 0.093 976 1006
195 138 0.084 0.084 746 754
214 175 0.084 0.084 754 841
242 187 0.084 0.084 841 900
121 52 0.084 0.084 900 976
104 17 0.084 0.084 976 1006
200 138 0.083 0.083 746 754
233 175 0.083 0.083 754 841
249 187 0.083 0.083 841 900
114 52 0.083 0.083 900 976
72 17 0.083 0.083 976 1006
131 138 0.061 0.061 746 754
150 175 0.061 0.061 754 841
178 187 0.061 0.061 841 900
57 52 0.061 0.061 900 976
40 17 0.061 0.061 976 1006
132 196 0.073 0.073 746 754
151 215 0.073 0.073 754 841
179 243 0.073 0.073 841 900
58 122 0.073 0.073 900 976
41 105 0.073 0.073 976 1006
132 129 0.071 0.071 746 754
151 144 0.071 0.071 754 841
179 176 0.071 0.071 841 900
58 184 0.071 0.071 900 976
41 49 0.071 0.071 976 1006
138 141 0.057 0.057 746 754
175 161 0.057 0.057 754 841
187 190 0.057 0.057 841 900
52 55 0.057 0.057 900 976
17 31 0.057 0.057 976 1006
138 202 0.098 0.098 746 754
175 239 0.098 0.098 754 841
187 251 0.098 0.098 841 900
52 116 0.098 0.098 900 976
17 81 0.098 0.098 976 1006
196 137 0.071 0.071 746 754
215 174 0.071 0.071 754 841
243 186 0.071 0.071 841 900
122 51 0.071 0.071 900 976
105 16 0.071 0.071 976 1006
196 142 0.089 0.089 746 754
215 160 0.089 0.089 754 841
243 191 0.089 0.089 841 900
122 63 0.089 0.089 900 976
105 24 0.089 0.089 976 1006
137 201 0.098 0.098 746 754
174 238 0.098 0.098 754 841
186 250 0.098 0.098 841 900
51 115 0.098 0.098 900 976
16 80 0.098 0.098 976 1006
201 130 0.068 0.068 746 754
238 145 0.068 0.068 754 841
250 177 0.068 0.068 841 900
115 56 0.068 0.068 900 976
80 48 0.068 0.068 976 1006
142 206 0.09 0.09 746 754
160 224 0.09 0.09 754 841
191 255 0.09 0.09 841 900
63 127 0.09 0.09 900 976
24 88 0.09 0.09 976 1006
141 205 0.093 0.093 746 754
161 225 0.093 0.093 754 841
190 254 0.093 0.093 841 900
55 119 0.093 0.093 900 976
31 95 0.093 0.093 976 1006
138 196 0.099 0.099 754 841
174 223 0.099 0.099 841 900
187 243 0.099 0.099 900 976
52 122 0.099 0.099 976 1029
196 202 0.055 0.055 754 841
223 238 0.055 0.055 841 900
243 251 0.055 0.055 900 976
122 116 0.055 0.055 976 1029
138 202 0.099 0.099 754 841
174 238 0.099 0.099 841 900
187 251 0.099 0.099 900 976
52 116 0.099 0.099 976 1029
196 143 0.078 0.078 754 841
223 160 0.078 0.078 841 900
243 183 0.078 0.078 900 976
122 62 0.078 0.078 976 1029
143 207 0.088 0.088 754 841
160 224 0.088 0.088 841 900
183 247 0.088 0.088 900 976
62 126 0.088 0.088 976 1029
202 207 0.095 0.095 754 841
238 224 0.095 0.095 841 900
251 247 0.095 0.095 900 976
116 126 0.095 0.095 976 1029
202 142 0.097 0.097 754 841
238 161 0.097 0.097 841 900
251 191 0.097 0.097 900 976
116 63 0.097 0.097 976 1029
143 142 0.072 0.072 754 841
160 161 0.072 0.072 841 900
183 191 0.072 0.072 900 976
62 63 0.072 0.072 976 1029
207 139 0.074 0.074 754 841
224 175 0.074 0.074 841 900
247 188 0.074 0.074 900 976
126 53 0.074 0.074 976 1029
207 130 0.06 0.06 754 841
224 150 0.06 0.06 841 900
247 177 0.06 0.06 900 976
126 56 0.06 0.06 976 1029
142 206 0.09 0.09 754 841
161 225 0.09 0.09 841 900
191 255 0.09 0.09 900 976
63 127 0.09 0.09 976 1029
142 194 0.065 0.065 754 841
161 214 0.065 0.065 841 900
191 241 0.065 0.065 900 976
63 120 0.065 0.065 976 1029
206 133 0.079 0.079 754 841
225 158 0.079 0.079 841 900
255 180 0.079 0.079 900 976
127 59 0.079 0.079 976 1029
206 203 0.089 0.089 754 841
225 239 0.089 0.089 841 900
255 252 0.089 0.089 900 976
127 117 0.089 0.089 976 1029
194 203 0.056 0.056 754 841
214 239 0.056 0.056 841 900
241 252 0.056 0.056 900 976
120 117 0.056 0.056 976 1029
139 203 0.096 0.096 754 841
175 239 0.096 0.096 841 900
188 252 0.096 0.096 900 976
53 117 0.096 0.096 976 1029
133 197 0.071 0.071 754 841
158 222 0.071 0.071 841 900
180 244 0.071 0.071 900 976
59 123 0.071 0.071 976 1029
203 197 0.088 0.088 754 841
239 222 0.088 0.088 841 900
252 244 0.088 0.088 900 976
117 123 0.088 0.088 976 1029
130 197 0.05 0.05 754 841
150 222 0.05 0.05 841 900
177 244 0.05 0.05 900 976
56 123 0.05 0.05 976 1029
139 197 0.085 0.085 754 841
175 222 0.085 0.085 841 900
188 244 0.085 0.085 900 976
53 123 0.085 0.085 976 1029
197 137 0.095 0.095 754 841
222 169 0.095 0.095 841 900
244 186 0.095 0.095 900 976
123 51 0.095 0.095 976 1029
197 136 0.094 0.094 754 841
222 168 0.094 0.094 841 900
244 185 0.094 0.094 900 976
123 50 0.094 0.094 976 1029
133 201 0.064 0.064 754 841
158 233 0.064 0.064 841 900
180 250 0.064 0.064 900 976
59 115 0.064 0.064 976 1029
203 201 0.071 0.071 754 841
239 233 0.071 0.071 841 900
252 250 0.071 0.071 900 976
117 115 0.071 0.071 976 1029
137 201 0.099 0.099 754 841
169 233 0.099 0.099 841 900
186 250 0.099 0.099 900 976
51 115 0.099 0.099 976 1029
136 200 0.099 0.099 754 841
168 232 0.099 0.099 841 900
185 249 0.099 0.099 900 976
50 114 0.099 0.099 976 1029
136 131 0.078 0.078 754 841
168 151 0.078 0.078 841 900
185 178 0.078 0.078 900 976
50 57 0.078 0.078 976 1029
201 193 0.059 0.059 754 841
233 209 0.059 0.059 841 900
250 240 0.059 0.059 900 976
115 248 0.059 0.059 976 1029
201 129 0.058 0.058 754 841
233 145 0.058 0.058 841 900
250 176 0.058 0.058 900 976
115 184 0.058 0.058 976 1029
200 141 0.07 0.07 754 841
232 166 0.07 0.07 841 900
249 190 0.07 0.07 900 976
114 55 0.07 0.07 976 1029
137 134 0.058 0.058 754 841
169 153 0.058 0.058 841 900
186 181 0.058 0.058 900 976
51 60 0.058 0.058 976 1029
141 205 0.091 0.091 754 841
166 230 0.091 0.091 841 900
190 254 0.091 0.091 900 976
55 119 0.091 0.091 976 1029
131 135 0.079 0.079 754 841
151 152 0.079 0.079 841 900
178 182 0.079 0.079 900 976
57 61 0.079 0.079 976 1029
130 140 0.081 0.081 754 841
150 167 0.081 0.081 841 900
177 189 0.081 0.081 900 976
56 54 0.081 0.081 976 1029
193 140 0.057 0.057 754 841
209 167 0.057 0.057 841 900
240 189 0.057 0.057 900 976
248 54 0.057 0.057 976 1029
194 199 0.074 0.074 754 841
214 216 0.074 0.074 841 900
241 246 0.074 0.074 900 976
120 125 0.074 0.074 976 1029
135 199 0.083 0.083 754 841
152 216 0.083 0.083 841 900
182 246 0.083 0.083 900 976
61 125 0.083 0.083 976 1029
140 204 0.095 0.095 754 841
167 231 0.095 0.095 841 900
189 253 0.095 0.095 900 976
54 118 0.095 0.095 976 1029
140 132 0.051 0.051 754 841
167 159 0.051 0.051 841 900
189 179 0.051 0.051 900 976
54 58 0.051 0.051 976 1029
134 195 0.07 0.07 754 841
153 215 0.07 0.07 841 900
181 242 0.07 0.07 900 976
60 121 0.07 0.07 976 1029
134 198 0.076 0.076 754 841
153 217 0.076 0.076 841 900
181 245 0.076 0.076 900 976
60 124 0.076 0.076 976 1029
137 140 0.076 0.076 841 900
174 166 0.076 0.076 900 976
187 190 0.076 0.076 976 1128
137 201 0.096 0.096 841 900
174 238 0.096 0.096 900 976
187 251 0.096 0.096 976 1128
140 194 0.073 0.073 841 900
166 209 0.073 0.073 900 976
190 240 0.073 0.073 976 1128
194 138 0.083 0.083 841 900
209 175 0.083 0.083 900 976
240 188 0.083 0.083 976 1128
201 133 0.05 0.05 841 900
238 159 0.05 0.05 900 976
251 179 0.05 0.05 976 1128
138 202 0.086 0.086 841 900
175 239 0.086 0.086 900 976
188 252 0.086 0.086 976 1128
138 132 0.061 0.061 841 900
175 151 0.061 0.061 900 976
188 178 0.061 0.061 976 1128
132 196 0.051 0.051 841 900
151 215 0.051 0.051 900 976
178 242 0.051 0.051 976 1128
196 143 0.058 0.058 841 900
215 152 0.058 0.058 900 976
242 182 0.058 0.058 976 1128
196 139 0.063 0.063 841 900
215 167 0.063 0.063 900 976
242 189 0.063 0.063 976 1128
202 135 0.079 0.079 841 900
239 153 0.079 0.079 900 976
252 181 0.079 0.079 976 1128
202 134 0.054 0.054 841 900
239 158 0.054 0.054 900 976
252 180 0.054 0.054 976 1128
143 136 0.072 0.072 841 900
152 169 0.072 0.072 900 976
182 186 0.072 0.072 976 1128
143 207 0.071 0.071 841 900
152 216 0.071 0.071 900 976
182 246 0.071 0.071 976 1128
207 141 0.071 0.071 841 900
216 161 0.071 0.071 900 976
246 191 0.071 0.071 976 1128
135 199 0.065 0.065 841 900
153 217 0.065 0.065 900 976
181 245 0.065 0.065 976 1128
133 197 0.063 0.063 841 900
159 223 0.063 0.063 900 976
179 243 0.063 0.063 976 1128
207 197 0.069 0.069 841 900
216 223 0.069 0.069 900 976
246 243 0.069 0.069 976 1128
199 142 0.072 0.072 841 900
217 160 0.072 0.072 900 976
245 183 0.072 0.072 976 1128
141 205 0.075 0.075 841 900
161 225 0.075 0.075 900 976
191 255 0.075 0.075 976 1128
140 204 0.085 0.085 841 900
166 230 0.085 0.085 900 976
190 254 0.085 0.085 976 1128
142 206 0.073 0.073 841 900
160 224 0.073 0.073 900 976
183 247 0.073 0.073 976 1128
201 203 0.087 0.087 841 900
238 231 0.087 0.087 900 976
251 253 0.087 0.087 976 1128
139 203 0.085 0.085 841 900
167 231 0.085 0.085 900 976
189 253 0.085 0.085 976 1128
205 203 0.056 0.056 841 900
225 231 0.056 0.056 900 976
255 253 0.056 0.056 976 1128
204 200 0.096 0.096 841 900
230 233 0.096 0.096 900 976
254 250 0.096 0.096 976 1128
199 200 0.076 0.076 841 900
217 233 0.076 0.076 900 976
245 250 0.076 0.076 976 1128
136 200 0.097 0.097 841 900
169 233 0.097 0.097 900 976
186 250 0.097 0.097 976 1128
194 144 0.09 0.09 841 900
209 168 0.09 0.09 900 976
240 185 0.09 0.09 976 1128
142 144 0.086 0.086 841 900
160 168 0.086 0.086 900 976
183 185 0.086 0.086 976 1128
136 144 0.078 0.078 841 900
169 168 0.078 0.078 900 976
186 185 0.078 0.078 976 1128
144 208 0.098 0.098 841 900
168 232 0.098 0.098 900 976
185 249 0.098 0.098 976 1128
144 131 0.079 0.079 841 900
168 150 0.079 0.079 900 976
185 177 0.079 0.079 976 1128
139 130 0.077 0.077 841 900
167 145 0.077 0.077 900 976
189 176 0.077 0.077 976 1128
208 130 0.083 0.083 841 900
232 145 0.083 0.083 900 976
249 176 0.083 0.083 976 1128
134 198 0.064 0.064 841 900
158 222 0.064 0.064 900 976
180 244 0.064 0.064 976 1128
204 195 0.057 0.057 841 900
230 214 0.057 0.057 900 976
254 241 0.057 0.057 976 1128
130 194 0.068 0.068 97 100
134 198 0.068 0.068 100 118
141 205 0.068 0.068 118 123
136 200 0.068 0.068 123 130
152 216 0.068 0.068 130 131
168 232 0.068 0.068 131 135
183 247 0.068 0.068 135 135
188 252 0.068 0.068 135 163
59 123 0.068 0.068 163 186
52 116 0.068 0.068 186 200
194 131 0.051 0.051 97 100
198 135 0.051 0.051 100 118
205 140 0.051 0.051 118 123
200 144 0.051 0.051 123 130
216 160 0.051 0.051 130 131
232 176 0.051 0.051 131 135
247 191 0.051 0.051 135 135
252 187 0.051 0.051 135 163
123 60 0.051 0.051 163 186
116 51 0.051 0.051 186 200
131 195 0.074 0.074 97 100
135 199 0.074 0.074 100 118
140 204 0.074 0.074 118 123
144 208 0.074 0.074 123 130
160 224 0.074 0.074 130 131
176 240 0.074 0.074 131 135
191 255 0.074 0.074 135 135
187 251 0.074 0.074 135 163
60 124 0.074 0.074 163 186
51 115 0.074 0.074 186 200
131 132 0.073 0.073 97 100
135 143 0.073 0.073 100 118
140 139 0.073 0.073 118 123
144 145 0.073 0.073 123 130
160 161 0.073 0.073 130 131
176 177 0.073 0.073 131 135
191 190 0.073 0.073 135 135
187 186 0.073 0.073 135 163
60 61 0.073 0.073 163 186
51 50 0.073 0.073 186 200
195 129 0.054 0.054 97 100
199 133 0.054 0.054 100 118
204 142 0.054 0.054 118 123
208 137 0.054 0.054 123 130
224 153 0.054 0.054 130 131
240 169 0.054 0.054 131 135
255 182 0.054 0.054 135 135
251 189 0.054 0.054 135 163
124 58 0.054 0.054 163 186
115 53 0.054 0.054 186 200
132 196 0.099 0.099 97 100
143 207 0.099 0.099 100 118
139 203 0.099 0.099 118 123
145 209 0.099 0.099 123 130
161 225 0.099 0.099 130 131
177 241 0.099 0.099 131 135
190 254 0.099 0.099 135 135
186 250 0.099 0.099 135 163
61 125 0.099 0.099 163 186
50 114 0.099 0.099 186 200
132 193 0.069 0.069 97 100
143 197 0.069 0.069 100 118
139 206 0.069 0.069 118 123
145 201 0.069 0.069 123 130
161 217 0.069 0.069 130 131
177 233 0.069 0.069 131 135
190 246 0.069 0.069 135 135
186 253 0.069 0.069 135 163
61 122 0.069 0.069 163 186
50 117 0.069 0.069 186 200
134 133 0.054 0.054 198 200
141 142 0.054 0.054 200 242
137 138 0.054 0.054 242 255
174 175 0.054 0.054 255 256
181 180 0.054 0.054 256 261
186 187 0.054 0.054 261 277
57 56 0.054 0.054 277 278
54 55 0.054 0.054 278 281
23 31 0.054 0.054 281 297
12 11 0.054 0.054 297 327
3 4 0.054 0.054 327 335
134 198 0.084 0.084 198 200
141 205 0.084 0.084 200 242
137 201 0.084 0.084 242 255
174 238 0.084 0.084 255 256
181 245 0.084 0.084 256 261
186 250 0.084 0.084 261 277
57 121 0.084 0.084 277 278
54 118 0.084 0.084 278 281
23 87 0.084 0.084 281 297
12 76 0.084 0.084 297 327
3 67 0.084 0.084 327 335
133 198 0.067 0.067 198 200
142 205 0.067 0.067 200 242
138 201 0.067 0.067 242 255
175 238 0.067 0.067 255 256
180 245 0.067 0.067 256 261
187 250 0.067 0.067 261 277
56 121 0.067 0.067 277 278
55 118 0.067 0.067 278 281
31 87 0.067 0.067 281 297
11 76 0.067 0.067 297 327
4 67 0.067 0.067 327 335
198 195 0.058 0.058 198 200
205 199 0.058 0.058 200 242
201 204 0.058 0.058 242 255
238 230 0.058 0.058 255 256
245 242 0.058 0.058 256 261
250 253 0.058 0.058 261 277
121 249 0.058 0.058 277 278
118 126 0.058 0.058 278 281
87 96 0.058 0.058 281 297
76 73 0.058 0.058 297 327
67 70 0.058 0.058 327 335
195 135 0.061 0.061 198 200
199 140 0.061 0.061 200 242
204 136 0.061 0.061 242 255
230 169 0.061 0.061 255 256
242 182 0.061 0.061 256 261
253 185 0.061 0.061 261 277
249 58 0.061 0.061 277 278
126 53 0.061 0.061 278 281
96 22 0.061 0.061 281 297
73 13 0.061 0.061 297 327
70 2 0.061 0.061 327 335
198 197 0.071 0.071 198 200
205 206 0.071 0.071 200 242
201 202 0.071 0.071 242 255
238 239 0.071 0.071 255 256
245 244 0.071 0.071 256 261
250 251 0.071 0.071 261 277
121 120 0.071 0.071 277 278
118 119 0.071 0.071 278 281
87 95 0.071 0.071 281 297
76 75 0.071 0.071 297 327
67 68 0.071 0.071 327 335
133 197 0.082 0.082 198 200
142 206 0.082 0.082 200 242
138 202 0.082 0.082 242 255
175 239 0.082 0.082 255 256
180 244 0.082 0.082 256 261
187 251 0.082 0.082 261 277
56 120 0.082 0.082 277 278
55 119 0.082 0.082 278 281
31 95 0.082 0.082 281 297
11 75 0.082 0.082 297 327
4 68 0.082 0.082 327 335
195 197 0.071 0.071 198 200
199 206 0.071 0.071 200 242
204 202 0.071 0.071 242 255
230 239 0.071 0.071 255 256
242 244 0.071 0.071 256 261
253 251 0.071 0.071 261 277
249 120 0.071 0.071 277 278
126 119 0.071 0.071 278 281
96 95 0.071 0.071 281 297
73 75 0.071 0.071 297 327
70 68 0.071 0.071 327 335
135 143 0.095 0.095 198 200
140 139 0.095 0.095 200 242
136 144 0.095 0.095 242 255
169 168 0.095 0.095 255 256
182 183 0.095 0.095 256 261
185 184 0.095 0.095 261 277
58 59 0.095 0.095 277 278
53 52 0.095 0.095 278 281
22 17 0.095 0.095 281 297
13 14 0.095 0.095 297 327
2 1 0.095 0.095 327 335
197 199 0.066 0.066 198 200
206 204 0.066 0.066 200 242
202 200 0.066 0.066 242 255
239 233 0.066 0.066 255 256
244 246 0.066 0.066 256 261
251 249 0.066 0.066 261 277
120 122 0.066 0.066 277 278
119 117 0.066 0.066 278 281
95 86 0.066 0.066 281 297
75 77 0.066 0.066 297 327
68 66 0.066 0.066 327 335
135 199 0.091 0.091 198 200
140 204 0.091 0.091 200 242
136 200 0.091 0.091 242 255
169 233 0.091 0.091 255 256
182 246 0.091 0.091 256 261
185 249 0.091 0.091 261 277
58 122 0.091 0.091 277 278
53 117 0.091 0.091 278 281
22 86 0.091 0.091 281 297
13 77 0.091 0.091 297 327
2 66 0.091 0.091 327 335
143 132 0.078 0.078 198 200
139 143 0.078 0.078 200 242
144 139 0.078 0.078 242 255
168 167 0.078 0.078 255 256
183 179 0.078 0.078 256 261
184 188 0.078 0.078 261 277
59 184 0.078 0.078 277 278
52 63 0.078 0.078 278 281
17 24 0.078 0.078 281 297
14 10 0.078 0.078 297 327
1 5 0.078 0.078 327 335
143 207 0.095 0.095 198 200
139 203 0.095 0.095 200 242
144 208 0.095 0.095 242 255
168 232 0.095 0.095 255 256
183 247 0.095 0.095 256 261
184 248 0.095 0.095 261 277
59 123 0.095 0.095 277 278
52 116 0.095 0.095 278 281
17 81 0.095 0.095 281 297
14 78 0.095 0.095 297 327
1 65 0.095 0.095 327 335
197 131 0.061 0.061 198 200
206 135 0.061 0.061 200 242
202 140 0.061 0.061 242 255
239 166 0.061 0.061 255 256
244 178 0.061 0.061 256 261
251 189 0.061 0.061 261 277
120 185 0.061 0.061 277 278
119 62 0.061 0.061 278 281
95 32 0.061 0.061 281 297
75 9 0.061 0.061 297 327
68 6 0.061 0.061 327 335
207 131 0.086 0.086 198 200
203 135 0.086 0.086 200 242
208 140 0.086 0.086 242 255
232 166 0.086 0.086 255 256
247 178 0.086 0.086 256 261
248 189 0.086 0.086 261 277
123 185 0.086 0.086 277 278
116 62 0.086 0.086 278 281
81 32 0.086 0.086 281 297
78 9 0.086 0.086 297 327
65 6 0.086 0.086 327 335
199 131 0.071 0.071 198 200
204 135 0.071 0.071 200 242
200 140 0.071 0.071 242 255
233 166 0.071 0.071 255 256
246 178 0.071 0.071 256 261
249 189 0.071 0.071 261 277
122 185 0.071 0.071 277 278
117 62 0.071 0.071 278 281
86 32 0.071 0.071 281 297
77 9 0.071 0.071 297 327
66 6 0.071 0.071 327 335
132 142 0.057 0.057 198 200
143 138 0.057 0.057 200 242
139 145 0.057 0.057 242 255
167 176 0.057 0.057 255 256
179 191 0.057 0.057 256 261
188 56 0.057 0.057 261 277
184 60 0.057 0.057 277 278
63 51 0.057 0.057 278 281
24 16 0.057 0.057 281 297
10 15 0.057 0.057 297 327
5 0 0.057 0.057 327 335
132 196 0.08 0.08 198 200
143 207 0.08 0.08 200 242
139 203 0.08 0.08 242 255
167 231 0.08 0.08 255 256
179 243 0.08 0.08 256 261
188 252 0.08 0.08 261 277
184 248 0.08 0.08 277 278
63 127 0.08 0.08 278 281
24 88 0.08 0.08 281 297
10 74 0.08 0.08 297 327
5 69 0.08 0.08 327 335
142 130 0.085 0.085 198 200
138 134 0.085 0.085 200 242
145 141 0.085 0.085 242 255
176 161 0.085 0.085 255 256
191 177 0.085 0.085 256 261
56 190 0.085 0.085 261 277
60 186 0.085 0.085 277 278
51 61 0.085 0.085 278 281
16 39 0.085 0.085 281 297
15 8 0.085 0.085 297 327
0 7 0.085 0.085 327 335
142 206 0.095 0.095 198 200
138 202 0.095 0.095 200 242
145 209 0.095 0.095 242 255
176 240 0.095 0.095 255 256
191 255 0.095 0.095 256 261
56 120 0.095 0.095 261 277
60 124 0.095 0.095 277 278
51 115 0.095 0.095 278 281
16 80 0.095 0.095 281 297
15 79 0.095 0.095 297 327
0 64 0.095 0.095 327 335
133 135 0.074 0.074 242 255
159 153 0.074 0.074 255 256
175 169 0.074 0.074 256 261
180 182 0.074 0.074 261 277
191 189 0.074 0.074 277 278
56 58 0.074 0.074 278 281
48 41 0.074 0.074 281 297
31 22 0.074 0.074 297 327
11 13 0.074 0.074 327 335
4 2 0.074 0.074 335 391
135 132 0.081 0.081 242 255
153 151 0.081 0.081 255 256
169 167 0.081 0.081 256 261
182 179 0.081 0.081 261 277
189 183 0.081 0.081 277 278
58 184 0.081 0.081 278 281
41 49 0.081 0.081 281 297
22 24 0.081 0.081 297 327
13 10 0.081 0.081 327 335
2 5 0.081 0.081 335 391
135 199 0.092 0.092 242 255
153 217 0.092 0.092 255 256
169 233 0.092 0.092 256 261
182 246 0.092 0.092 261 277
189 253 0.092 0.092 277 278
58 122 0.092 0.092 278 281
41 105 0.092 0.092 281 297
22 86 0.092 0.092 297 327
13 77 0.092 0.092 327 335
2 66 0.092 0.092 335 391
132 196 0.06 0.06 242 255
151 215 0.06 0.06 255 256
167 231 0.06 0.06 256 261
179 243 0.06 0.06 261 277
183 247 0.06 0.06 277 278
184 248 0.06 0.06 278 281
49 113 0.06 0.06 281 297
24 88 0.06 0.06 297 327
10 74 0.06 0.06 327 335
5 69 0.06 0.06 335 391
199 130 0.078 0.078 242 255
217 145 0.078 0.078 255 256
233 161 0.078 0.078 256 261
246 177 0.078 0.078 261 277
253 181 0.078 0.078 277 278
122 186 0.078 0.078 278 281
105 51 0.078 0.078 281 297
86 39 0.078 0.078 297 327
77 8 0.078 0.078 327 335
66 7 0.078 0.078 335 391
199 195 0.078 0.078 242 255
217 214 0.078 0.078 255 256
233 230 0.078 0.078 256 261
246 242 0.078 0.078 261 277
253 246 0.078 0.078 277 278
122 249 0.078 0.078 278 281
105 114 0.078 0.078 281 297
86 96 0.078 0.078 297 327
77 73 0.078 0.078 327 335
66 70 0.078 0.078 335 391
196 197 0.052 0.052 242 255
215 223 0.052 0.052 255 256
231 239 0.052 0.052 256 261
243 244 0.052 0.052 261 277
247 255 0.052 0.052 277 278
248 120 0.052 0.052 278 281
113 112 0.052 0.052 281 297
88 95 0.052 0.052 297 327
74 75 0.052 0.052 327 335
69 68 0.052 0.052 335 391
133 197 0.071 0.071 242 255
159 223 0.071 0.071 255 256
175 239 0.071 0.071 256 261
180 244 0.071 0.071 261 277
191 255 0.071 0.071 277 278
56 120 0.071 0.071 278 281
48 112 0.071 0.071 281 297
31 95 0.071 0.071 297 327
11 75 0.071 0.071 327 335
4 68 0.071 0.071 335 391
132 197 0.068 0.068 242 255
151 223 0.068 0.068 255 256
167 239 0.068 0.068 256 261
179 244 0.068 0.068 261 277
183 255 0.068 0.068 277 278
184 120 0.068 0.068 278 281
49 112 0.068 0.068 281 297
24 95 0.068 0.068 297 327
10 75 0.068 0.068 327 335
5 68 0.068 0.068 335 391
195 197 0.054 0.054 242 255
214 223 0.054 0.054 255 256
230 239 0.054 0.054 256 261
242 244 0.054 0.054 261 277
246 255 0.054 0.054 277 278
249 120 0.054 0.054 278 281
114 112 0.054 0.054 281 297
96 95 0.054 0.054 297 327
73 75 0.054 0.054 327 335
70 68 0.054 0.054 335 391
197 131 0.053 0.053 242 255
223 150 0.053 0.053 255 256
239 166 0.053 0.053 256 261
244 178 0.053 0.053 261 277
255 182 0.053 0.053 277 278
120 185 0.053 0.053 278 281
112 50 0.053 0.053 281 297
95 32 0.053 0.053 297 327
75 9 0.053 0.053 327 335
68 6 0.053 0.053 335 391
130 143 0.058 0.058 242 255
145 152 0.058 0.058 255 256
161 168 0.058 0.058 256 261
177 183 0.058 0.058 261 277
181 188 0.058 0.058 277 278
186 59 0.058 0.058 278 281
51 46 0.058 0.058 281 297
39 17 0.058 0.058 297 327
8 14 0.058 0.058 327 335
7 1 0.058 0.058 335 391
196 143 0.062 0.062 242 255
215 152 0.062 0.062 255 256
231 168 0.062 0.062 256 261
243 183 0.062 0.062 261 277
247 188 0.062 0.062 277 278
248 59 0.062 0.062 278 281
113 46 0.062 0.062 281 297
88 17 0.062 0.062 297 327
74 14 0.062 0.062 327 335
69 1 0.062 0.062 335 391
130 207 0.052 0.052 242 255
145 216 0.052 0.052 255 256
161 232 0.052 0.052 256 261
177 247 0.052 0.052 261 277
181 252 0.052 0.052 277 278
186 123 0.052 0.052 278 281
51 110 0.052 0.052 281 297
39 81 0.052 0.052 297 327
8 78 0.052 0.052 327 335
7 65 0.052 0.052 335 391
143 207 0.093 0.093 242 255
152 216 0.093 0.093 255 256
168 232 0.093 0.093 256 261
183 247 0.093 0.093 261 277
188 252 0.093 0.093 277 278
59 123 0.093 0.093 278 281
46 110 0.093 0.093 281 297
17 81 0.093 0.093 297 327
14 78 0.093 0.093 327 335
1 65 0.093 0.093 335 391
197 207 0.052 0.052 242 255
223 216 0.052 0.052 255 256
239 232 0.052 0.052 256 261
244 247 0.052 0.052 261 277
255 252 0.052 0.052 277 278
120 123 0.052 0.052 278 281
112 110 0.052 0.052 281 297
95 81 0.052 0.052 297 327
75 78 0.052 0.052 327 335
68 65 0.052 0.052 335 391
207 134 0.059 0.059 242 255
216 158 0.059 0.059 255 256
232 174 0.059 0.059 256 261
247 181 0.059 0.059 261 277
252 190 0.059 0.059 277 278
123 57 0.059 0.059 278 281
110 40 0.059 0.059 281 297
81 23 0.059 0.059 297 327
78 12 0.059 0.059 327 335
65 3 0.059 0.059 335 391
131 142 0.084 0.084 242 255
150 160 0.084 0.084 255 256
166 176 0.084 0.084 256 261
178 191 0.084 0.084 261 277
182 187 0.084 0.084 277 278
185 60 0.084 0.084 278 281
50 47 0.084 0.084 281 297
32 16 0.084 0.084 297 327
9 15 0.084 0.084 327 335
6 0 0.084 0.084 335 391
207 198 0.068 0.068 242 255
216 222 0.068 0.068 255 256
232 238 0.068 0.068 256 261
247 245 0.068 0.068 261 277
252 254 0.068 0.068 277 278
123 121 0.068 0.068 278 281
110 104 0.068 0.068 281 297
81 87 0.068 0.068 297 327
78 76 0.068 0.068 327 335
65 67 0.068 0.068 335 391
131 198 0.084 0.084 242 255
150 222 0.084 0.084 255 256
166 238 0.084 0.084 256 261
178 245 0.084 0.084 261 277
182 254 0.084 0.084 277 278
185 121 0.084 0.084 278 281
50 104 0.084 0.084 281 297
32 87 0.084 0.084 297 327
9 76 0.084 0.084 327 335
6 67 0.084 0.084 335 391
134 198 0.091 0.091 242 255
158 222 0.091 0.091 255 256
174 238 0.091 0.091 256 261
181 245 0.091 0.091 261 277
190 254 0.091 0.091 277 278
57 121 0.091 0.091 278 281
40 104 0.091 0.091 281 297
23 87 0.091 0.091 297 327
12 76 0.091 0.091 327 335
3 67 0.091 0.091 335 391
143 206 0.097 0.097 242 255
152 224 0.097 0.097 255 256
168 240 0.097 0.097 256 261
183 255 0.097 0.097 261 277
188 251 0.097 0.097 277 278
59 124 0.097 0.097 278 281
46 111 0.097 0.097 281 297
17 80 0.097 0.097 297 327
14 79 0.097 0.097 327 335
1 64 0.097 0.097 335 391
134 206 0.081 0.081 242 255
158 224 0.081 0.081 255 256
174 240 0.081 0.081 256 261
181 255 0.081 0.081 261 277
190 251 0.081 0.081 277 278
57 124 0.081 0.081 278 281
40 111 0.081 0.081 281 297
23 80 0.081 0.081 297 327
12 79 0.081 0.081 327 335
3 64 0.081 0.081 335 391
142 206 0.097 0.097 242 255
160 224 0.097 0.097 255 256
176 240 0.097 0.097 256 261
191 255 0.097 0.097 261 277
187 251 0.097 0.097 277 278
60 124 0.097 0.097 278 281
47 111 0.097 0.097 281 297
16 80 0.097 0.097 297 327
15 79 0.097 0.097 327 335
0 64 0.097 0.097 335 391
134 198 0.071 0.071 900 976
158 222 0.071 0.071 976 1138
198 137 0.086 0.086 900 976
222 174 0.086 0.086 976 1138
134 201 0.089 0.089 900 976
158 238 0.089 0.089 976 1138
198 201 0.081 0.081 900 976
222 238 0.081 0.081 976 1138
137 201 0.098 0.098 900 976
174 238 0.098 0.098 976 1138
137 133 0.085 0.085 900 976
174 159 0.085 0.085 976 1138
133 136 0.09 0.09 900 976
159 169 0.09 0.09 976 1138
136 144 0.085 0.085 900 976
169 168 0.085 0.085 976 1138
201 200 0.081 0.081 900 976
238 233 0.081 0.081 976 1138
136 200 0.099 0.099 900 976
169 233 0.099 0.099 976 1138
133 200 0.051 0.051 900 976
159 233 0.051 0.051 976 1138
144 200 0.072 0.072 900 976
168 233 0.072 0.072 976 1138
144 208 0.099 0.099 900 976
168 232 0.099 0.099 976 1138
200 208 0.058 0.058 900 976
233 232 0.058 0.058 976 1138
201 208 0.081 0.081 900 976
238 232 0.081 0.081 976 1138
208 196 0.082 0.082 900 976
232 215 0.082 0.082 976 1138
200 196 0.08 0.08 900 976
233 215 0.08 0.08 976 1138
196 140 0.078 0.078 900 976
215 166 0.078 0.078 976 1138
208 140 0.067 0.067 900 976
232 166 0.067 0.067 976 1138
140 135 0.084 0.084 900 976
166 153 0.084 0.084 976 1138
135 204 0.065 0.065 900 976
153 230 0.065 0.065 976 1138
140 204 0.094 0.094 900 976
166 230 0.094 0.094 976 1138
196 204 0.069 0.069 900 976
215 230 0.069 0.069 976 1138
135 199 0.078 0.078 900 976
153 217 0.078 0.078 976 1138
199 194 0.073 0.073 900 976
217 209 0.073 0.073 976 1138
204 194 0.066 0.066 900 976
230 209 0.066 0.066 976 1138
194 143 0.064 0.064 900 976
209 152 0.064 0.064 976 1138
143 207 0.089 0.089 900 976
152 216 0.089 0.089 976 1138
194 141 0.05 0.05 900 976
209 161 0.05 0.05 976 1138
199 141 0.082 0.082 900 976
217 161 0.082 0.082 976 1138
143 141 0.059 0.059 900 976
152 161 0.059 0.059 976 1138
207 197 0.086 0.086 900 976
216 223 0.086 0.086 976 1138
141 138 0.083 0.083 900 976
161 175 0.083 0.083 976 1138
141 205 0.092 0.092 900 976
161 225 0.092 0.092 976 1138
205 130 0.051 0.051 900 976
225 145 0.051 0.051 976 1138
204 195 0.087 0.087 900 976
230 214 0.087 0.087 976 1138
138 195 0.065 0.065 900 976
175 214 0.065 0.065 976 1138
138 202 0.096 0.096 900 976
175 239 0.096 0.096 976 1138
207 139 0.095 0.095 900 976
216 167 0.095 0.095 976 1138
202 139 0.095 0.095 900 976
239 167 0.095 0.095 976 1138
197 139 0.092 0.092 900 976
223 167 0.092 0.092 976 1138
205 139 0.08 0.08 900 976
225 167 0.08 0.08 976 1138
139 203 0.095 0.095 900 976
167 231 0.095 0.095 976 1138
139 132 0.091 0.091 900 976
167 151 0.091 0.091 976 1138
203 142 0.05 0.05 900 976
231 160 0.05 0.05 976 1138
142 131 0.056 0.056 900 976
160 150 0.056 0.056 976 1138
142 206 0.089 0.089 900 976
160 224 0.089 0.089 976 1138
130 193 0.085 0.085 100 118
134 197 0.085 0.085 118 123
140 205 0.085 0.085 123 130
151 214 0.085 0.085 130 131
167 230 0.085 0.085 131 135
179 242 0.085 0.085 135 135
183 246 0.085 0.085 135 163
184 249 0.085 0.085 163 174
130 194 0.088 0.088 100 118
134 198 0.088 0.088 118 123
140 204 0.088 0.088 123 130
151 215 0.088 0.088 130 131
167 231 0.088 0.088 131 135
179 243 0.088 0.088 135 135
183 247 0.088 0.088 135 163
184 248 0.088 0.088 163 174
193 131 0.058 0.058 100 118
197 135 0.058 0.058 118 123
205 139 0.058 0.058 123 130
214 159 0.058 0.058 130 131
230 175 0.058 0.058 131 135
242 180 0.058 0.058 135 135
246 191 0.058 0.058 135 163
249 56 0.058 0.058 163 174
131 195 0.097 0.097 100 118
135 199 0.097 0.097 118 123
139 203 0.097 0.097 123 130
159 223 0.097 0.097 130 131
175 239 0.097 0.097 131 135
180 244 0.097 0.097 135 135
191 255 0.097 0.097 135 163
56 120 0.097 0.097 163 174
193 195 0.078 0.078 100 118
197 199 0.078 0.078 118 123
205 203 0.078 0.078 123 130
214 223 0.078 0.078 130 131
230 239 0.078 0.078 131 135
242 244 0.078 0.078 135 135
246 255 0.078 0.078 135 163
249 120 0.078 0.078 163 174
131 132 0.051 0.051 100 118
135 143 0.051 0.051 118 123
139 138 0.051 0.051 123 130
159 158 0.051 0.051 130 131
175 174 0.051 0.051 131 135
180 181 0.051 0.051 135 135
191 190 0.051 0.051 135 163
56 57 0.051 0.051 163 174
132 196 0.097 0.097 100 118
143 207 0.097 0.097 118 123
138 202 0.097 0.097 123 130
158 222 0.097 0.097 130 131
174 238 0.097 0.097 131 135
181 245 0.097 0.097 135 135
190 254 0.097 0.097 135 163
57 121 0.097 0.097 163 174
194 129 0.054 0.054 100 118
198 133 0.054 0.054 118 123
204 141 0.054 0.054 123 130
215 150 0.054 0.054 130 131
231 166 0.054 0.054 131 135
243 178 0.054 0.054 135 135
247 182 0.054 0.054 135 163
248 185 0.054 0.054 163 174
130 132 0.068 0.068 256 261
141 139 0.068 0.068 261 277
137 144 0.068 0.068 277 278
153 160 0.068 0.068 278 281
181 183 0.068 0.068 281 297
186 184 0.068 0.068 297 327
61 63 0.068 0.068 327 335
50 48 0.068 0.068 335 380
132 196 0.069 0.069 256 261
139 203 0.069 0.069 261 277
144 208 0.069 0.069 277 278
160 224 0.069 0.069 278 281
183 247 0.069 0.069 281 297
184 248 0.069 0.069 297 327
63 127 0.069 0.069 327 335
48 112 0.069 0.069 335 380
132 133 0.073 0.073 256 261
139 138 0.073 0.073 261 277
144 145 0.073 0.073 277 278
160 161 0.073 0.073 278 281
183 191 0.073 0.073 281 297
184 56 0.073 0.073 297 327
63 55 0.073 0.073 327 335
48 40 0.073 0.073 335 380
130 133 0.07 0.07 256 261
141 138 0.07 0.07 261 277
137 145 0.07 0.07 277 278
153 161 0.07 0.07 278 281
181 191 0.07 0.07 281 297
186 56 0.07 0.07 297 327
61 55 0.07 0.07 327 335
50 40 0.07 0.07 335 380
196 133 0.052 0.052 256 261
203 138 0.052 0.052 261 277
208 145 0.052 0.052 277 278
224 161 0.052 0.052 278 281
247 191 0.052 0.052 281 297
248 56 0.052 0.052 297 327
127 55 0.052 0.052 327 335
112 40 0.052 0.052 335 380
133 134 0.076 0.076 256 261
138 137 0.076 0.076 261 277
145 150 0.076 0.076 277 278
161 166 0.076 0.076 278 281
191 190 0.076 0.076 281 297
56 57 0.076 0.076 297 327
55 54 0.076 0.076 327 335
40 41 0.076 0.076 335 380
133 197 0.076 0.076 256 261
138 202 0.076 0.076 261 277
145 209 0.076 0.076 277 278
161 225 0.076 0.076 278 281
191 255 0.076 0.076 281 297
56 120 0.076 0.076 297 327
55 119 0.076 0.076 327 335
40 104 0.076 0.076 335 380
197 142 0.066 0.066 256 261
202 145 0.066 0.066 261 277
209 158 0.066 0.066 277 278
225 174 0.066 0.066 278 281
255 187 0.066 0.066 281 297
120 60 0.066 0.066 297 327
119 51 0.066 0.066 327 335
104 39 0.066 0.066 335 380
196 142 0.071 0.071 256 261
203 145 0.071 0.071 261 277
208 158 0.071 0.071 277 278
224 174 0.071 0.071 278 281
247 187 0.071 0.071 281 297
248 60 0.071 0.071 297 327
127 51 0.071 0.071 327 335
112 39 0.071 0.071 335 380
142 206 0.093 0.093 256 261
145 209 0.093 0.093 261 277
158 222 0.093 0.093 277 278
174 238 0.093 0.093 278 281
187 251 0.093 0.093 281 297
60 124 0.093 0.093 297 327
51 115 0.093 0.093 327 335
39 103 0.093 0.093 335 380
142 195 0.077 0.077 256 261
145 204 0.077 0.077 261 277
158 200 0.077 0.077 277 278
174 216 0.077 0.077 278 281
187 246 0.077 0.077 281 297
60 249 0.077 0.077 297 327
51 126 0.077 0.077 327 335
39 113 0.077 0.077 335 380
206 198 0.051 0.051 256 261
209 201 0.051 0.051 261 277
222 214 0.051 0.051 277 278
238 230 0.051 0.051 278 281
251 254 0.051 0.051 281 297
124 121 0.051 0.051 297 327
115 118 0.051 0.051 327 335
103 105 0.051 0.051 335 380
134 198 0.083 0.083 256 261
137 201 0.083 0.083 261 277
150 214 0.083 0.083 277 278
166 230 0.083 0.083 278 281
190 254 0.083 0.083 281 297
57 121 0.083 0.083 297 327
54 118 0.083 0.083 327 335
41 105 0.083 0.083 335 380
134 135 0.076 0.076 256 261
137 136 0.076 0.076 261 277
150 151 0.076 0.076 277 278
166 167 0.076 0.076 278 281
190 189 0.076 0.076 281 297
57 58 0.076 0.076 297 327
54 53 0.076 0.076 327 335
41 46 0.076 0.076 335 380
195 199 0.067 0.067 256 261
204 200 0.067 0.067 261 277
200 215 0.067 0.067 277 278
216 231 0.067 0.067 278 281
246 253 0.067 0.067 281 297
249 122 0.067 0.067 297 327
126 117 0.067 0.067 327 335
113 110 0.067 0.067 335 380
135 199 0.086 0.086 256 261
136 200 0.086 0.086 261 277
151 215 0.086 0.086 277 278
167 231 0.086 0.086 278 281
189 253 0.086 0.086 281 297
58 122 0.086 0.086 297 327
53 117 0.086 0.086 327 335
46 110 0.086 0.086 335 380
206 199 0.064 0.064 256 261
209 200 0.064 0.064 261 277
222 215 0.064 0.064 277 278
238 231 0.064 0.064 278 281
251 253 0.064 0.064 281 297
124 122 0.064 0.064 297 327
115 117 0.064 0.064 327 335
103 110 0.064 0.064 335 380
197 199 0.072 0.072 256 261
202 200 0.072 0.072 261 277
209 215 0.072 0.072 277 278
225 231 0.072 0.072 278 281
255 253 0.072 0.072 281 297
120 122 0.072 0.072 297 327
119 117 0.072 0.072 327 335
104 110 0.072 0.072 335 380
198 143 0.078 0.078 256 261
201 144 0.078 0.078 261 277
214 159 0.078 0.078 277 278
230 175 0.078 0.078 278 281
254 188 0.078 0.078 281 297
121 59 0.078 0.078 297 327
118 52 0.078 0.078 327 335
105 47 0.078 0.078 335 380
199 143 0.063 0.063 256 261
200 144 0.063 0.063 261 277
215 159 0.063 0.063 277 278
231 175 0.063 0.063 278 281
253 188 0.063 0.063 281 297
122 59 0.063 0.063 297 327
117 52 0.063 0.063 327 335
110 47 0.063 0.063 335 380
143 207 0.091 0.091 256 261
144 208 0.091 0.091 261 277
159 223 0.091 0.091 277 278
175 239 0.091 0.091 278 281
188 252 0.091 0.091 281 297
59 123 0.091 0.091 297 327
52 116 0.091 0.091 327 335
47 111 0.091 0.091 335 380
143 131 0.087 0.087 256 261
144 140 0.087 0.087 261 277
159 136 0.087 0.087 277 278
175 152 0.087 0.087 278 281
188 182 0.087 0.087 281 297
59 185 0.087 0.087 297 327
52 62 0.087 0.087 327 335
47 49 0.087 0.087 335 380
133 197 0.076 0.076 261 277
142 206 0.076 0.076 277 278
145 209 0.076 0.076 278 281
176 240 0.076 0.076 281 297
191 255 0.076 0.076 297 327
56 120 0.076 0.076 327 335
55 119 0.076 0.076 335 380
40 104 0.076 0.076 380 391
23 87 0.076 0.076 391 405
197 143 0.091 0.091 261 277
206 139 0.091 0.091 277 278
209 159 0.091 0.091 278 281
240 179 0.091 0.091 281 297
255 188 0.091 0.091 297 327
120 59 0.091 0.091 327 335
119 52 0.091 0.091 335 380
104 47 0.091 0.091 380 391
87 16 0.091 0.091 391 405
143 207 0.095 0.095 261 277
139 203 0.095 0.095 277 278
159 223 0.095 0.095 278 281
179 243 0.095 0.095 281 297
188 252 0.095 0.095 297 327
59 123 0.095 0.095 327 335
52 116 0.095 0.095 335 380
47 111 0.095 0.095 380 391
16 80 0.095 0.095 391 405
207 135 0.057 0.057 261 277
203 140 0.057 0.057 277 278
223 151 0.057 0.057 278 281
243 178 0.057 0.057 281 297
252 189 0.057 0.057 297 327
123 58 0.057 0.057 327 335
116 53 0.057 0.057 335 380
111 46 0.057 0.057 380 391
80 17 0.057 0.057 391 405
133 135 0.05 0.05 261 277
142 140 0.05 0.05 277 278
145 151 0.05 0.05 278 281
176 178 0.05 0.05 281 297
191 189 0.05 0.05 297 327
56 58 0.05 0.05 327 335
55 53 0.05 0.05 335 380
40 46 0.05 0.05 380 391
23 17 0.05 0.05 391 405
197 199 0.06 0.06 261 277
206 204 0.06 0.06 277 278
209 215 0.06 0.06 278 281
240 242 0.06 0.06 281 297
255 253 0.06 0.06 297 327
120 122 0.06 0.06 327 335
119 117 0.06 0.06 335 380
104 110 0.06 0.06 380 391
87 81 0.06 0.06 391 405
135 199 0.093 0.093 261 277
140 204 0.093 0.093 277 278
151 215 0.093 0.093 278 281
178 242 0.093 0.093 281 297
189 253 0.093 0.093 297 327
58 122 0.093 0.093 327 335
53 117 0.093 0.093 335 380
46 110 0.093 0.093 380 391
17 81 0.093 0.093 391 405
207 199 0.085 0.085 261 277
203 204 0.085 0.085 277 278
223 215 0.085 0.085 278 281
243 242 0.085 0.085 281 297
252 253 0.085 0.085 297 327
123 122 0.085 0.085 327 335
116 117 0.085 0.085 335 380
111 110 0.085 0.085 380 391
80 81 0.085 0.085 391 405
199 132 0.074 0.074 261 277
204 143 0.074 0.074 277 278
215 144 0.074 0.074 278 281
242 168 0.074 0.074 281 297
253 183 0.074 0.074 297 327
122 184 0.074 0.074 327 335
117 63 0.074 0.074 335 380
110 48 0.074 0.074 380 391
81 31 0.074 0.074 391 405
199 130 0.079 0.079 261 277
204 134 0.079 0.079 277 278
215 137 0.079 0.079 278 281
242 174 0.079 0.079 281 297
253 181 0.079 0.079 297 327
122 186 0.079 0.079 327 335
117 61 0.079 0.079 335 380
110 50 0.079 0.079 380 391
81 32 0.079 0.079 391 405
135 196 0.072 0.072 261 277
140 207 0.072 0.072 277 278
151 208 0.072 0.072 278 281
178 232 0.072 0.072 281 297
189 247 0.072 0.072 297 327
58 248 0.072 0.072 327 335
53 127 0.072 0.072 335 380
46 112 0.072 0.072 380 391
17 95 0.072 0.072 391 405
132 196 0.057 0.057 261 277
143 207 0.057 0.057 277 278
144 208 0.057 0.057 278 281
168 232 0.057 0.057 281 297
183 247 0.057 0.057 297 327
184 248 0.057 0.057 327 335
63 127 0.057 0.057 335 380
48 112 0.057 0.057 380 391
31 95 0.057 0.057 391 405
143 196 0.079 0.079 261 277
139 207 0.079 0.079 277 278
159 208 0.079 0.079 278 281
179 232 0.079 0.079 281 297
188 247 0.079 0.079 297 327
59 248 0.079 0.079 327 335
52 127 0.079 0.079 335 380
47 112 0.079 0.079 380 391
16 95 0.079 0.079 391 405
130 142 0.071 0.071 261 277
134 138 0.071 0.071 277 278
137 158 0.071 0.071 278 281
174 180 0.071 0.071 281 297
181 187 0.071 0.071 297 327
186 60 0.071 0.071 327 335
61 51 0.071 0.071 335 380
50 39 0.071 0.071 380 391
32 8 0.071 0.071 391 405
196 206 0.085 0.085 261 277
207 202 0.085 0.085 277 278
208 222 0.085 0.085 278 281
232 244 0.085 0.085 281 297
247 251 0.085 0.085 297 327
248 124 0.085 0.085 327 335
127 115 0.085 0.085 335 380
112 103 0.085 0.085 380 391
95 72 0.085 0.085 391 405
132 206 0.082 0.082 261 277
143 202 0.082 0.082 277 278
144 222 0.082 0.082 278 281
168 244 0.082 0.082 281 297
183 251 0.082 0.082 297 327
184 124 0.082 0.082 327 335
63 115 0.082 0.082 335 380
48 103 0.082 0.082 380 391
31 72 0.082 0.082 391 405
130 206 0.085 0.085 261 277
134 202 0.085 0.085 277 278
137 222 0.085 0.085 278 281
174 244 0.085 0.085 281 297
181 251 0.085 0.085 297 327
186 124 0.085 0.085 327 335
61 115 0.085 0.085 335 380
50 103 0.085 0.085 380 391
32 72 0.085 0.085 391 405
142 206 0.099 0.099 261 277
138 202 0.099 0.099 277 278
158 222 0.099 0.099 278 281
180 244 0.099 0.099 281 297
187 251 0.099 0.099 297 327
60 124 0.099 0.099 327 335
51 115 0.099 0.099 335 380
39 103 0.099 0.099 380 391
8 72 0.099 0.099 391 405
206 131 0.065 0.065 261 277
202 135 0.065 0.065 277 278
222 136 0.065 0.065 278 281
244 169 0.065 0.065 281 297
251 182 0.065 0.065 297 327
124 185 0.065 0.065 327 335
115 62 0.065 0.065 335 380
103 49 0.065 0.065 380 391
72 24 0.065 0.065 391 405
206 195 0.064 0.064 261 277
202 199 0.064 0.064 277 278
222 200 0.064 0.064 278 281
244 233 0.064 0.064 281 297
251 246 0.064 0.064 297 327
124 249 0.064 0.064 327 335
115 126 0.064 0.064 335 380
103 113 0.064 0.064 380 391
72 88 0.064 0.064 391 405
196 134 0.067 0.067 261 277
207 141 0.067 0.067 277 278
208 150 0.067 0.067 278 281
232 177 0.067 0.067 281 297
247 190 0.067 0.067 297 327
248 57 0.067 0.067 327 335
127 54 0.067 0.067 335 380
112 41 0.067 0.067 380 391
95 22 0.067 0.067 391 405
131 134 0.083 0.083 261 277
135 141 0.083 0.083 277 278
136 150 0.083 0.083 278 281
169 177 0.083 0.083 281 297
182 190 0.083 0.083 297 327
185 57 0.083 0.083 327 335
62 54 0.083 0.083 335 380
49 41 0.083 0.083 380 391
24 22 0.083 0.083 391 405
195 134 0.067 0.067 261 277
199 141 0.067 0.067 277 278
200 150 0.067 0.067 278 281
233 177 0.067 0.067 281 297
246 190 0.067 0.067 297 327
249 57 0.067 0.067 327 335
126 54 0.067 0.067 335 380
113 41 0.067 0.067 380 391
88 22 0.067 0.067 391 405
142 134 0.079 0.079 261 277
138 141 0.079 0.079 277 278
158 150 0.079 0.079 278 281
180 177 0.079 0.079 281 297
187 190 0.079 0.079 297 327
60 57 0.079 0.079 327 335
51 54 0.079 0.079 335 380
39 41 0.079 0.079 380 391
8 22 0.079 0.079 391 405
134 198 0.087 0.087 261 277
141 205 0.087 0.087 277 278
150 214 0.087 0.087 278 281
177 241 0.087 0.087 281 297
190 254 0.087 0.087 297 327
57 121 0.087 0.087 327 335
54 118 0.087 0.087 335 380
41 105 0.087 0.087 380 391
22 86 0.087 0.087 391 405
195 198 0.068 0.068 261 277
199 205 0.068 0.068 277 278
200 214 0.068 0.068 278 281
233 241 0.068 0.068 281 297
246 254 0.068 0.068 297 327
249 121 0.068 0.068 327 335
126 118 0.068 0.068 335 380
113 105 0.068 0.068 380 391
88 86 0.068 0.068 391 405
131 198 0.057 0.057 261 277
135 205 0.057 0.057 277 278
136 214 0.057 0.057 278 281
169 241 0.057 0.057 281 297
182 254 0.057 0.057 297 327
185 121 0.057 0.057 327 335
62 118 0.057 0.057 335 380
49 105 0.057 0.057 380 391
24 86 0.057 0.057 391 405
139 203 0.091 0.091 278 281
167 231 0.091 0.091 281 297
179 243 0.091 0.091 297 327
188 252 0.091 0.091 327 335
59 123 0.091 0.091 335 380
52 116 0.091 0.091 380 391
47 111 0.091 0.091 391 405
16 80 0.091 0.091 405 439
139 207 0.066 0.066 278 281
167 216 0.066 0.066 281 297
179 232 0.066 0.066 297 327
188 247 0.066 0.066 327 335
59 248 0.066 0.066 335 380
52 127 0.066 0.066 380 391
47 112 0.066 0.066 391 405
16 95 0.066 0.066 405 439
207 138 0.061 0.061 278 281
216 175 0.061 0.061 281 297
232 180 0.061 0.061 297 327
247 187 0.061 0.061 327 335
248 60 0.061 0.061 335 380
127 51 0.061 0.061 380 391
112 39 0.061 0.061 391 405
95 8 0.061 0.061 405 439
203 138 0.065 0.065 278 281
231 175 0.065 0.065 281 297
243 180 0.065 0.065 297 327
252 187 0.065 0.065 327 335
123 60 0.065 0.065 335 380
116 51 0.065 0.065 380 391
111 39 0.065 0.065 391 405
80 8 0.065 0.065 405 439
138 202 0.096 0.096 278 281
175 239 0.096 0.096 281 297
180 244 0.096 0.096 297 327
187 251 0.096 0.096 327 335
60 124 0.096 0.096 335 380
51 115 0.096 0.096 380 391
39 103 0.096 0.096 391 405
8 72 0.096 0.096 405 439
138 141 0.065 0.065 278 281
175 161 0.065 0.065 281 297
180 177 0.065 0.065 297 327
187 190 0.065 0.065 327 335
60 57 0.065 0.065 335 380
51 54 0.065 0.065 380 391
39 41 0.065 0.065 391 405
8 22 0.065 0.065 405 439
202 142 0.071 0.071 278 281
239 160 0.071 0.071 281 297
244 176 0.071 0.071 297 327
251 191 0.071 0.071 327 335
124 56 0.071 0.071 335 380
115 55 0.071 0.071 380 391
103 40 0.071 0.071 391 405
72 23 0.071 0.071 405 439
141 205 0.071 0.071 278 281
161 225 0.071 0.071 281 297
177 241 0.071 0.071 297 327
190 254 0.071 0.071 327 335
57 121 0.071 0.071 335 380
54 118 0.071 0.071 380 391
41 105 0.071 0.071 391 405
22 86 0.071 0.071 405 439
205 140 0.066 0.066 278 281
225 166 0.066 0.066 281 297
241 178 0.066 0.066 297 327
254 189 0.066 0.066 327 335
121 58 0.066 0.066 335 380
118 53 0.066 0.066 380 391
105 46 0.066 0.066 391 405
86 17 0.066 0.066 405 439
141 140 0.063 0.063 278 281
161 166 0.063 0.063 281 297
177 178 0.063 0.063 297 327
190 189 0.063 0.063 327 335
57 58 0.063 0.063 335 380
54 53 0.063 0.063 380 391
41 46 0.063 0.063 391 405
22 17 0.063 0.063 405 439
142 199 0.059 0.059 278 281
160 217 0.059 0.059 281 297
176 233 0.059 0.059 297 327
191 246 0.059 0.059 327 335
56 249 0.059 0.059 335 380
55 126 0.059 0.059 380 391
40 113 0.059 0.059 391 405
23 88 0.059 0.059 405 439
142 206 0.06 0.06 278 281
160 224 0.06 0.06 281 297
176 240 0.06 0.06 297 327
191 255 0.06 0.06 327 335
56 120 0.06 0.06 335 380
55 119 0.06 0.06 380 391
40 104 0.06 0.06 391 405
23 87 0.06 0.06 405 439
140 134 0.086 0.086 278 281
166 158 0.086 0.086 281 297
178 174 0.086 0.086 297 327
189 181 0.086 0.086 327 335
58 186 0.086 0.086 335 380
53 61 0.086 0.086 380 391
46 50 0.086 0.086 391 405
17 32 0.086 0.086 405 439
140 204 0.086 0.086 278 281
166 230 0.086 0.086 281 297
178 242 0.086 0.086 297 327
189 253 0.086 0.086 327 335
58 122 0.086 0.086 335 380
53 117 0.086 0.086 380 391
46 110 0.086 0.086 391 405
17 81 0.086 0.086 405 439
204 135 0.084 0.084 278 281
230 153 0.084 0.084 281 297
242 169 0.084 0.084 297 327
253 182 0.084 0.084 327 335
122 185 0.084 0.084 335 380
117 62 0.084 0.084 380 391
110 49 0.084 0.084 391 405
81 24 0.084 0.084 405 439
204 143 0.05 0.05 278 281
230 152 0.05 0.05 281 297
242 168 0.05 0.05 297 327
253 183 0.05 0.05 327 335
122 184 0.05 0.05 335 380
117 63 0.05 0.05 380 391
110 48 0.05 0.05 391 405
81 31 0.05 0.05 405 439
129 131 0.055 0.055 118 123
134 143 0.055 0.055 123 130
137 144 0.055 0.055 130 131
153 160 0.055 0.055 131 135
169 176 0.055 0.055 135 135
178 180 0.055 0.055 135 163
189 187 0.055 0.055 163 174
185 56 0.055 0.055 174 174
129 132 0.053 0.053 118 123
134 142 0.053 0.053 123 130
137 145 0.053 0.053 130 131
153 161 0.053 0.053 131 135
169 177 0.053 0.053 135 135
178 181 0.053 0.053 135 163
189 186 0.053 0.053 163 174
185 57 0.053 0.053 174 174
132 195 0.067 0.067 118 123
142 207 0.067 0.067 123 130
145 208 0.067 0.067 130 131
161 224 0.067 0.067 131 135
177 240 0.067 0.067 135 135
181 244 0.067 0.067 135 163
186 251 0.067 0.067 163 174
57 120 0.067 0.067 174 174
131 195 0.084 0.084 118 123
143 207 0.084 0.084 123 130
144 208 0.084 0.084 130 131
160 224 0.084 0.084 131 135
176 240 0.084 0.084 135 135
180 244 0.084 0.084 135 163
187 251 0.084 0.084 163 174
56 120 0.084 0.084 174 174
195 196 0.069 0.069 118 123
207 206 0.069 0.069 123 130
208 209 0.069 0.069 130 131
224 225 0.069 0.069 131 135
240 241 0.069 0.069 135 135
244 245 0.069 0.069 135 163
251 250 0.069 0.069 163 174
120 121 0.069 0.069 174 174
132 196 0.095 0.095 118 123
142 206 0.095 0.095 123 130
145 209 0.095 0.095 130 131
161 225 0.095 0.095 131 135
177 241 0.095 0.095 135 135
181 245 0.095 0.095 135 163
186 250 0.095 0.095 163 174
57 121 0.095 0.095 174 174
131 196 0.075 0.075 118 123
143 206 0.075 0.075 123 130
144 209 0.075 0.075 130 131
160 225 0.075 0.075 131 135
176 241 0.075 0.075 135 135
180 245 0.075 0.075 135 163
187 250 0.075 0.075 163 174
56 121 0.075 0.075 174 174
196 130 0.071 0.071 118 123
206 135 0.071 0.071 123 130
209 136 0.071 0.071 130 131
225 152 0.071 0.071 131 135
241 168 0.071 0.071 135 135
245 179 0.071 0.071 135 163
250 188 0.071 0.071 163 174
121 184 0.071 0.071 174 174
195 194 0.067 0.067 118 123
207 199 0.067 0.067 123 130
208 200 0.067 0.067 130 131
224 216 0.067 0.067 131 135
240 232 0.067 0.067 135 135
244 243 0.067 0.067 135 163
251 252 0.067 0.067 163 174
120 248 0.067 0.067 174 174
130 194 0.066 0.066 118 123
135 199 0.066 0.066 123 130
136 200 0.066 0.066 130 131
152 216 0.066 0.066 131 135
168 232 0.066 0.066 135 135
179 243 0.066 0.066 135 163
188 252 0.066 0.066 163 174
184 248 0.066 0.066 174 174
196 194 0.066 0.066 118 123
206 199 0.066 0.066 123 130
209 200 0.066 0.066 130 131
225 216 0.066 0.066 131 135
241 232 0.066 0.066 135 135
245 243 0.066 0.066 135 163
250 252 0.066 0.066 163 174
121 248 0.066 0.066 174 174
142 206 0.089 0.089 297 327
145 209 0.089 0.089 327 335
161 225 0.089 0.089 335 380
177 241 0.089 0.089 380 391
190 254 0.089 0.089 391 405
57 121 0.089 0.089 405 431
206 140 0.084 0.084 297 327
209 151 0.084 0.084 327 335
225 167 0.084 0.084 335 380
241 179 0.084 0.084 380 391
254 188 0.084 0.084 391 405
121 59 0.084 0.084 405 431
206 139 0.078 0.078 297 327
209 159 0.078 0.078 327 335
225 175 0.078 0.078 335 380
241 180 0.078 0.078 380 391
254 187 0.078 0.078 391 405
121 60 0.078 0.078 405 431
139 135 0.063 0.063 297 327
159 136 0.063 0.063 327 335
175 152 0.063 0.063 335 380
180 168 0.063 0.063 380 391
187 183 0.063 0.063 391 405
60 184 0.063 0.063 405 431
139 203 0.099 0.099 297 327
159 223 0.099 0.099 327 335
175 239 0.099 0.099 335 380
180 244 0.099 0.099 380 391
187 251 0.099 0.099 391 405
60 124 0.099 0.099 405 431
203 141 0.097 0.097 297 327
223 150 0.097 0.097 327 335
239 166 0.097 0.097 335 380
244 178 0.097 0.097 380 391
251 189 0.097 0.097 391 405
124 58 0.097 0.097 405 431
140 204 0.098 0.098 297 327
151 215 0.098 0.098 327 335
167 231 0.098 0.098 335 380
179 243 0.098 0.098 380 391
188 252 0.098 0.098 391 405
59 123 0.098 0.098 405 431
140 143 0.082 0.082 297 327
151 144 0.082 0.082 327 335
167 160 0.082 0.082 335 380
179 176 0.082 0.082 380 391
188 191 0.082 0.082 391 405
59 56 0.082 0.082 405 431
143 134 0.06 0.06 297 327
144 137 0.06 0.06 327 335
160 153 0.06 0.06 335 380
176 169 0.06 0.06 380 391
191 182 0.06 0.06 391 405
56 185 0.06 0.06 405 431
143 207 0.082 0.082 297 327
144 208 0.082 0.082 327 335
160 224 0.082 0.082 335 380
176 240 0.082 0.082 380 391
191 255 0.082 0.082 391 405
56 120 0.082 0.082 405 431
207 199 0.081 0.081 297 327
208 200 0.081 0.081 327 335
224 216 0.081 0.081 335 380
240 232 0.081 0.081 380 391
255 247 0.081 0.081 391 405
120 248 0.081 0.081 405 431
135 199 0.078 0.078 297 327
136 200 0.078 0.078 327 335
152 216 0.078 0.078 335 380
168 232 0.078 0.078 380 391
183 247 0.078 0.078 391 405
184 248 0.078 0.078 405 431
134 199 0.058 0.058 297 327
137 200 0.058 0.058 327 335
153 216 0.058 0.058 335 380
169 232 0.058 0.058 380 391
182 247 0.058 0.058 391 405
185 248 0.058 0.058 405 431
141 205 0.093 0.093 297 327
150 214 0.093 0.093 327 335
166 230 0.093 0.093 335 380
178 242 0.093 0.093 380 391
189 253 0.093 0.093 391 405
58 122 0.093 0.093 405 431
142 205 0.058 0.058 297 327
145 214 0.058 0.058 327 335
161 230 0.058 0.058 335 380
177 242 0.058 0.058 380 391
190 253 0.058 0.058 391 405
57 122 0.058 0.058 405 431
134 205 0.091 0.091 297 327
137 214 0.091 0.091 327 335
153 230 0.091 0.091 335 380
169 242 0.091 0.091 380 391
182 253 0.091 0.091 391 405
185 122 0.091 0.091 405 431
199 205 0.057 0.057 297 327
200 214 0.057 0.057 327 335
216 230 0.057 0.057 335 380
232 242 0.057 0.057 380 391
247 253 0.057 0.057 391 405
248 122 0.057 0.057 405 431
205 133 0.065 0.065 297 327
214 138 0.065 0.065 327 335
230 158 0.065 0.065 335 380
242 174 0.065 0.065 380 391
253 181 0.065 0.065 391 405
122 186 0.065 0.065 405 431
204 198 0.084 0.084 297 327
215 201 0.084 0.084 327 335
231 217 0.084 0.084 335 380
243 233 0.084 0.084 380 391
252 246 0.084 0.084 391 405
123 249 0.084 0.084 405 431
203 198 0.062 0.062 297 327
223 201 0.062 0.062 327 335
239 217 0.062 0.062 335 380
244 233 0.062 0.062 380 391
251 246 0.062 0.062 391 405
124 249 0.062 0.062 405 431
205 198 0.075 0.075 297 327
214 201 0.075 0.075 327 335
230 217 0.075 0.075 335 380
242 233 0.075 0.075 380 391
253 246 0.075 0.075 391 405
122 249 0.075 0.075 405 431
199 198 0.068 0.068 297 327
200 201 0.068 0.068 327 335
216 217 0.068 0.068 335 380
232 233 0.068 0.068 380 391
247 246 0.068 0.068 391 405
248 249 0.068 0.068 405 431
133 197 0.082 0.082 123 130
138 202 0.082 0.082 130 131
158 222 0.082 0.082 131 135
174 238 0.082 0.082 135 135
177 241 0.082 0.082 135 163
190 254 0.082 0.082 163 174
186 250 0.082 0.082 174 174
57 121 0.082 0.082 174 186
54 118 0.082 0.082 186 198
197 131 0.061 0.061 123 130
202 140 0.061 0.061 130 131
222 151 0.061 0.061 131 135
238 167 0.061 0.061 135 135
241 168 0.061 0.061 135 163
254 183 0.061 0.061 163 174
250 188 0.061 0.061 174 174
121 184 0.061 0.061 174 186
118 63 0.061 0.061 186 198
131 195 0.05 0.05 123 130
140 204 0.05 0.05 130 131
151 215 0.05 0.05 131 135
167 231 0.05 0.05 135 135
168 232 0.05 0.05 135 163
183 247 0.05 0.05 163 174
188 252 0.05 0.05 174 174
184 248 0.05 0.05 174 186
63 127 0.05 0.05 186 198
133 132 0.063 0.063 123 130
138 139 0.063 0.063 130 131
158 159 0.063 0.063 131 135
174 175 0.063 0.063 135 135
177 176 0.063 0.063 135 163
190 191 0.063 0.063 163 174
186 187 0.063 0.063 174 174
57 56 0.063 0.063 174 186
54 55 0.063 0.063 186 198
197 132 0.061 0.061 123 130
202 139 0.061 0.061 130 131
222 159 0.061 0.061 131 135
238 175 0.061 0.061 135 135
241 176 0.061 0.061 135 163
254 191 0.061 0.061 163 174
250 187 0.061 0.061 174 174
121 56 0.061 0.061 174 186
118 55 0.061 0.061 186 198
132 130 0.052 0.052 123 130
139 141 0.052 0.052 130 131
159 150 0.052 0.052 131 135
175 166 0.052 0.052 135 135
176 169 0.052 0.052 135 163
191 182 0.052 0.052 163 174
187 189 0.052 0.052 174 174
56 185 0.052 0.052 174 186
55 62 0.052 0.052 186 198
132 196 0.054 0.054 123 130
139 203 0.054 0.054 130 131
159 223 0.054 0.054 131 135
175 239 0.054 0.054 135 135
176 240 0.054 0.054 135 163
191 255 0.054 0.054 163 174
187 251 0.054 0.054 174 174
56 120 0.054 0.054 174 186
55 119 0.054 0.054 186 198
131 195 0.068 0.068 135 163
140 204 0.068 0.068 163 174
136 200 0.068 0.068 174 174
151 215 0.068 0.068 174 179
131 133 0.07 0.07 135 163
140 138 0.07 0.07 163 174
136 145 0.07 0.07 174 174
151 158 0.07 0.07 174 179
195 197 0.077 0.077 135 163
204 202 0.077 0.077 163 174
200 209 0.077 0.077 174 174
215 222 0.077 0.077 174 179
133 197 0.099 0.099 135 163
138 202 0.099 0.099 163 174
145 209 0.099 0.099 174 174
158 222 0.099 0.099 174 179
197 194 0.081 0.081 135 163
202 205 0.081 0.081 163 174
209 201 0.081 0.081 174 174
222 214 0.081 0.081 174 179
197 132 0.063 0.063 135 163
202 139 0.063 0.063 163 174
209 144 0.063 0.063 174 174
222 159 0.063 0.063 174 179
132 130 0.072 0.072 135 163
139 141 0.072 0.072 163 174
144 137 0.072 0.072 174 174
159 150 0.072 0.072 174 179
132 196 0.081 0.081 135 163
139 203 0.081 0.081 163 174
144 208 0.081 0.081 174 174
159 223 0.081 0.081 174 179
136 131 0.086 0.086 976 1280
131 143 0.086 0.086 976 1280
131 200 0.074 0.074 976 1280
136 200 0.098 0.098 976 1280
200 132 0.075 0.075 976 1280
143 195 0.073 0.073 976 1280
195 207 0.076 0.076 976 1280
143 207 0.087 0.087 976 1280
132 207 0.065 0.065 976 1280
200 207 0.092 0.092 976 1280
207 196 0.081 0.081 976 1280
132 196 0.057 0.057 976 1280
195 135 0.056 0.056 976 1280
196 135 0.062 0.062 976 1280
207 135 0.074 0.074 976 1280
135 199 0.074 0.074 976 1280
196 199 0.06 0.06 976 1280
199 194 0.056 0.056 976 1280
135 134 0.07 0.07 976 1280
194 134 0.055 0.055 976 1280
134 198 0.062 0.062 976 1280
134 140 0.054 0.054 976 1280
194 138 0.051 0.051 976 1280
198 138 0.076 0.076 976 1280
199 138 0.072 0.072 976 1280
140 138 0.06 0.06 976 1280
198 204 0.082 0.082 976 1280
140 204 0.092 0.092 976 1280
204 133 0.09 0.09 976 1280
133 197 0.06 0.06 976 1280
138 139 0.054 0.054 976 1280
139 203 0.093 0.093 976 1280
203 142 0.083 0.083 976 1280
139 142 0.058 0.058 976 1280
133 142 0.059 0.059 976 1280
197 137 0.057 0.057 976 1280
137 201 0.097 0.097 976 1280
142 206 0.088 0.088 976 1280
204 206 0.087 0.087 976 1280
201 206 0.088 0.088 976 1280
203 206 0.089 0.089 976 1280
142 144 0.066 0.066 976 1280
206 141 0.067 0.067 976 1280
144 208 0.099 0.099 976 1280
144 130 0.086 0.086 976 1280
141 205 0.088 0.088 976 1280
138 202 0.095 0.095 976 1280
130 202 0.069 0.069 976 1280
197 202 0.089 0.089 976 1280
130 133 0.056 0.056 174 174
134 142 0.056 0.056 174 179
141 138 0.056 0.056 179 186
150 158 0.056 0.056 186 198
153 161 0.056 0.056 198 200
166 174 0.056 0.056 200 242
133 197 0.097 0.097 174 174
142 206 0.097 0.097 174 179
138 202 0.097 0.097 179 186
158 222 0.097 0.097 186 198
161 225 0.097 0.097 198 200
174 238 0.097 0.097 200 242
197 131 0.089 0.089 174 174
206 135 0.089 0.089 174 179
202 140 0.089 0.089 179 186
222 151 0.089 0.089 186 198
225 152 0.089 0.089 198 200
238 167 0.089 0.089 200 242
133 131 0.053 0.053 174 174
142 135 0.053 0.053 174 179
138 140 0.053 0.053 179 186
158 151 0.053 0.053 186 198
161 152 0.053 0.053 198 200
174 167 0.053 0.053 200 242
131 195 0.085 0.085 174 174
135 199 0.085 0.085 174 179
140 204 0.085 0.085 179 186
151 215 0.085 0.085 186 198
152 216 0.085 0.085 198 200
167 231 0.085 0.085 200 242
131 194 0.061 0.061 174 174
135 198 0.061 0.061 174 179
140 205 0.061 0.061 179 186
151 214 0.061 0.061 186 198
152 217 0.061 0.061 198 200
167 230 0.061 0.061 200 242
194 132 0.071 0.071 174 174
198 143 0.071 0.071 174 179
205 139 0.071 0.071 179 186
214 159 0.071 0.071 186 198
217 160 0.071 0.071 198 200
230 175 0.071 0.071 200 242
132 196 0.087 0.087 174 174
143 207 0.087 0.087 174 179
139 203 0.087 0.087 179 186
159 223 0.087 0.087 186 198
160 224 0.087 0.087 198 200
175 239 0.087 0.087 200 242
130 196 0.079 0.079 174 174
134 207 0.079 0.079 174 179
141 203 0.079 0.079 179 186
150 223 0.079 0.079 186 198
153 224 0.079 0.079 198 200
166 239 0.079 0.079 200 242
197 196 0.085 0.085 174 174
206 207 0.085 0.085 174 179
202 203 0.085 0.085 179 186
222 223 0.085 0.085 186 198
225 224 0.085 0.085 198 200
238 239 0.085 0.085 200 242
194 196 0.083 0.083 174 174
198 207 0.083 0.083 174 179
205 203 0.083 0.083 179 186
214 223 0.083 0.083 186 198
217 224 0.083 0.083 198 200
230 239 0.083 0.083 200 242
132 131 0.063 0.063 174 179
143 135 0.063 0.063 179 186
144 136 0.063 0.063 186 198
159 151 0.063 0.063 198 200
160 152 0.063 0.063 200 242
175 167 0.063 0.063 242 255
188 189 0.063 0.063 255 256
59 58 0.063 0.063 256 261
52 53 0.063 0.063 261 277
132 196 0.081 0.081 174 179
143 207 0.081 0.081 179 186
144 208 0.081 0.081 186 198
159 223 0.081 0.081 198 200
160 224 0.081 0.081 200 242
175 239 0.081 0.081 242 255
188 252 0.081 0.081 255 256
59 123 0.081 0.081 256 261
52 116 0.081 0.081 261 277
131 195 0.06 0.06 174 179
135 199 0.06 0.06 179 186
136 200 0.06 0.06 186 198
151 215 0.06 0.06 198 200
152 216 0.06 0.06 200 242
167 231 0.06 0.06 242 255
189 253 0.06 0.06 255 256
58 122 0.06 0.06 256 261
53 117 0.06 0.06 261 277
196 195 0.079 0.079 174 179
207 199 0.079 0.079 179 186
208 200 0.079 0.079 186 198
223 215 0.079 0.079 198 200
224 216 0.079 0.079 200 242
239 231 0.079 0.079 242 255
252 253 0.079 0.079 255 256
123 122 0.079 0.079 256 261
116 117 0.079 0.079 261 277
195 130 0.058 0.058 174 179
199 134 0.058 0.058 179 186
200 137 0.058 0.058 186 198
215 150 0.058 0.058 198 200
216 153 0.058 0.058 200 242
231 166 0.058 0.058 242 255
253 190 0.058 0.058 255 256
122 57 0.058 0.058 256 261
117 54 0.058 0.058 261 277
130 133 0.082 0.082 174 179
134 142 0.082 0.082 179 186
137 145 0.082 0.082 186 198
150 158 0.082 0.082 198 200
153 161 0.082 0.082 200 242
166 174 0.082 0.082 242 255
190 187 0.082 0.082 255 256
57 60 0.082 0.082 256 261
54 51 0.082 0.082 261 277
196 194 0.071 0.071 174 179
207 198 0.071 0.071 179 186
208 201 0.071 0.071 186 198
223 214 0.071 0.071 198 200
224 217 0.071 0.071 200 242
239 230 0.071 0.071 242 255
252 254 0.071 0.071 255 256
123 121 0.071 0.071 256 261
116 118 0.071 0.071 261 277
133 197 0.089 0.089 174 179
142 206 0.089 0.089 179 186
145 209 0.089 0.089 186 198
158 222 0.089 0.089 198 200
161 225 0.089 0.089 200 242
174 238 0.089 0.089 242 255
187 251 0.089 0.089 255 256
60 124 0.089 0.089 256 261
51 115 0.089 0.089 261 277
